Game,PromptType,Round,AgentName,Contribution,RoundPayoff,CumulativePayoff,CollaborationScore
1,Soup,1,Agent_1,5,10.62,10.62,
1,Musketeers,1,Agent_2,5,10.62,10.62,
1,maxreward,1,Agent_3,0,15.62,15.62,
1,Peacemaker,1,Agent_4,5,10.62,10.62,
1,Soup,2,Agent_1,5,11.00,21.62,
1,Musketeers,2,Agent_2,5,11.00,21.62,
1,maxreward,2,Agent_3,1,15.00,30.62,
1,Peacemaker,2,Agent_4,5,11.00,21.62,
1,Soup,3,Agent_1,5,11.38,33.00,
1,Musketeers,3,Agent_2,5,11.38,33.00,
1,maxreward,3,Agent_3,2,14.38,45.00,
1,Peacemaker,3,Agent_4,5,11.38,33.00,
1,Soup,4,Agent_1,5,11.75,44.75,
1,Musketeers,4,Agent_2,5,11.75,44.75,
1,maxreward,4,Agent_3,3,13.75,58.75,
1,Peacemaker,4,Agent_4,5,11.75,44.75,
1,Soup,5,Agent_1,5,12.12,56.88,
1,Musketeers,5,Agent_2,5,12.12,56.88,
1,maxreward,5,Agent_3,4,13.12,71.88,
1,Peacemaker,5,Agent_4,5,12.12,56.88,
1,All,final,All,,,,0.42
2,maxreward,1,Agent_1,5,12.12,12.12,
2,Odyssey,1,Agent_2,5,12.12,12.12,
2,Teamwork,1,Agent_3,4,13.12,13.12,
2,nsPlumber,1,Agent_4,5,12.12,12.12,
2,maxreward,2,Agent_1,5,13.62,25.75,
2,Odyssey,2,Agent_2,6,12.62,24.75,
2,Teamwork,2,Agent_3,6,12.62,25.75,
2,nsPlumber,2,Agent_4,6,12.62,24.75,
2,maxreward,3,Agent_1,5,11.38,37.12,
2,Odyssey,3,Agent_2,4,12.38,37.12,
2,Teamwork,3,Agent_3,4,12.38,38.12,
2,nsPlumber,3,Agent_4,4,12.38,37.12,
2,maxreward,4,Agent_1,5,11.38,48.50,
2,Odyssey,4,Agent_2,5,11.38,48.50,
2,Teamwork,4,Agent_3,2,14.38,52.50,
2,nsPlumber,4,Agent_4,5,11.38,48.50,
2,maxreward,5,Agent_1,5,10.62,59.12,
2,Odyssey,5,Agent_2,3,12.62,61.12,
2,Teamwork,5,Agent_3,4,11.62,64.12,
2,nsPlumber,5,Agent_4,3,12.62,61.12,
2,All,final,All,,,,0.46
3,Odyssey,1,Agent_1,5,12.88,12.88,
3,Peacemaker,1,Agent_2,5,12.88,12.88,
3,Spoons,1,Agent_3,6,11.88,11.88,
3,nsCarrot,1,Agent_4,5,12.88,12.88,
3,Odyssey,2,Agent_1,6,12.62,25.50,
3,Peacemaker,2,Agent_2,6,12.62,25.50,
3,Spoons,2,Agent_3,5,13.62,25.50,
3,nsCarrot,2,Agent_4,6,12.62,25.50,
3,Odyssey,3,Agent_1,7,11.25,36.75,
3,Peacemaker,3,Agent_2,7,11.25,36.75,
3,Spoons,3,Agent_3,4,14.25,39.75,
3,nsCarrot,3,Agent_4,4,14.25,39.75,
3,Odyssey,4,Agent_1,8,11.00,47.75,
3,Peacemaker,4,Agent_2,8,11.00,47.75,
3,Spoons,4,Agent_3,3,16.00,55.75,
3,nsCarrot,4,Agent_4,5,14.00,53.75,
3,Odyssey,5,Agent_1,9,9.62,57.38,
3,Peacemaker,5,Agent_2,9,9.62,57.38,
3,Spoons,5,Agent_3,2,16.62,72.38,
3,nsCarrot,5,Agent_4,3,15.62,69.38,
3,All,final,All,,,,0.56
4,nsPlumber,1,Agent_1,5,12.50,12.50,
4,nsCarrot,1,Agent_2,5,12.50,12.50,
4,Musketeers,1,Agent_3,5,12.50,12.50,
4,maxreward,1,Agent_4,5,12.50,12.50,
4,nsPlumber,2,Agent_1,6,12.62,25.12,
4,nsCarrot,2,Agent_2,6,12.62,25.12,
4,Musketeers,2,Agent_3,6,12.62,25.12,
4,maxreward,2,Agent_4,5,13.62,26.12,
4,nsPlumber,3,Agent_1,7,10.50,35.62,
4,nsCarrot,3,Agent_2,4,13.50,38.62,
4,Musketeers,3,Agent_3,4,13.50,38.62,
4,maxreward,3,Agent_4,5,12.50,38.62,
4,nsPlumber,4,Agent_1,5,12.50,48.12,
4,nsCarrot,4,Agent_2,3,14.50,53.12,
4,Musketeers,4,Agent_3,7,10.50,49.12,
4,maxreward,4,Agent_4,5,12.50,51.12,
4,nsPlumber,5,Agent_1,6,10.75,58.88,
4,nsCarrot,5,Agent_2,2,14.75,67.88,
4,Musketeers,5,Agent_3,5,11.75,60.88,
4,maxreward,5,Agent_4,5,11.75,62.88,
4,All,final,All,,,,0.51
5,Peacemaker,1,Agent_1,5,12.50,12.50,
5,Spoons,1,Agent_2,5,12.50,12.50,
5,OldManSons,1,Agent_3,5,12.50,12.50,
5,Musketeers,1,Agent_4,5,12.50,12.50,
5,Peacemaker,2,Agent_1,5,12.50,25.00,
5,Spoons,2,Agent_2,5,12.50,25.00,
5,OldManSons,2,Agent_3,5,12.50,25.00,
5,Musketeers,2,Agent_4,5,12.50,25.00,
5,Peacemaker,3,Agent_1,5,12.50,37.50,
5,Spoons,3,Agent_2,5,12.50,37.50,
5,OldManSons,3,Agent_3,5,12.50,37.50,
5,Musketeers,3,Agent_4,5,12.50,37.50,
5,Peacemaker,4,Agent_1,5,12.50,50.00,
5,Spoons,4,Agent_2,5,12.50,50.00,
5,OldManSons,4,Agent_3,5,12.50,50.00,
5,Musketeers,4,Agent_4,5,12.50,50.00,
5,Peacemaker,5,Agent_1,5,12.50,62.50,
5,Spoons,5,Agent_2,5,12.50,62.50,
5,OldManSons,5,Agent_3,5,12.50,62.50,
5,Musketeers,5,Agent_4,5,12.50,62.50,
5,All,final,All,,,,0.50
6,Teamwork,1,Agent_1,5,12.50,12.50,
6,Musketeers,1,Agent_2,5,12.50,12.50,
6,nsPlumber,1,Agent_3,5,12.50,12.50,
6,Odyssey,1,Agent_4,5,12.50,12.50,
6,Teamwork,2,Agent_1,5,12.88,25.38,
6,Musketeers,2,Agent_2,5,12.88,25.38,
6,nsPlumber,2,Agent_3,6,11.88,24.38,
6,Odyssey,2,Agent_4,5,12.88,25.38,
6,Teamwork,3,Agent_1,5,13.25,38.62,
6,Musketeers,3,Agent_2,5,13.25,38.62,
6,nsPlumber,3,Agent_3,7,11.25,35.62,
6,Odyssey,3,Agent_4,5,13.25,38.62,
6,Teamwork,4,Agent_1,5,13.62,52.25,
6,Musketeers,4,Agent_2,5,13.62,52.25,
6,nsPlumber,4,Agent_3,8,10.62,46.25,
6,Odyssey,4,Agent_4,5,13.62,52.25,
6,Teamwork,5,Agent_1,5,14.00,66.25,
6,Musketeers,5,Agent_2,5,14.00,66.25,
6,nsPlumber,5,Agent_3,9,10.00,56.25,
6,Odyssey,5,Agent_4,5,14.00,66.25,
6,All,final,All,,,,0.55
7,Teamwork,1,Agent_1,5,12.50,12.50,
7,Turnip,1,Agent_2,5,12.50,12.50,
7,Peacemaker,1,Agent_3,5,12.50,12.50,
7,Odyssey,1,Agent_4,5,12.50,12.50,
7,Teamwork,2,Agent_1,5,12.50,25.00,
7,Turnip,2,Agent_2,5,12.50,25.00,
7,Peacemaker,2,Agent_3,5,12.50,25.00,
7,Odyssey,2,Agent_4,5,12.50,25.00,
7,Teamwork,3,Agent_1,5,12.50,37.50,
7,Turnip,3,Agent_2,5,12.50,37.50,
7,Peacemaker,3,Agent_3,5,12.50,37.50,
7,Odyssey,3,Agent_4,5,12.50,37.50,
7,Teamwork,4,Agent_1,5,12.50,50.00,
7,Turnip,4,Agent_2,5,12.50,50.00,
7,Peacemaker,4,Agent_3,5,12.50,50.00,
7,Odyssey,4,Agent_4,5,12.50,50.00,
7,Teamwork,5,Agent_1,5,12.50,62.50,
7,Turnip,5,Agent_2,5,12.50,62.50,
7,Peacemaker,5,Agent_3,5,12.50,62.50,
7,Odyssey,5,Agent_4,5,12.50,62.50,
7,All,final,All,,,,0.50
8,noinstruct,1,Agent_1,5,12.50,12.50,
8,Musketeers,1,Agent_2,5,12.50,12.50,
8,Turnip,1,Agent_3,5,12.50,12.50,
8,maxreward,1,Agent_4,5,12.50,12.50,
8,noinstruct,2,Agent_1,6,12.25,24.75,
8,Musketeers,2,Agent_2,5,13.25,25.75,
8,Turnip,2,Agent_3,5,13.25,25.75,
8,maxreward,2,Agent_4,6,12.25,24.75,
8,noinstruct,3,Agent_1,4,12.75,37.50,
8,Musketeers,3,Agent_2,5,11.75,37.50,
8,Turnip,3,Agent_3,5,11.75,37.50,
8,maxreward,3,Agent_4,4,12.75,37.50,
8,noinstruct,4,Agent_1,5,11.75,49.25,
8,Musketeers,4,Agent_2,5,11.75,49.25,
8,Turnip,4,Agent_3,5,11.75,49.25,
8,maxreward,4,Agent_4,3,13.75,51.25,
8,noinstruct,5,Agent_1,3,12.62,61.88,
8,Musketeers,5,Agent_2,5,10.62,59.88,
8,Turnip,5,Agent_3,5,10.62,59.88,
8,maxreward,5,Agent_4,2,13.62,64.88,
8,All,final,All,,,,0.47
9,OldManSons,1,Agent_1,5,12.12,12.12,
9,maxreward,1,Agent_2,5,12.12,12.12,
9,Peacemaker,1,Agent_3,5,12.12,12.12,
9,nsCarrot,1,Agent_4,4,13.12,13.12,
9,OldManSons,2,Agent_1,5,12.50,24.62,
9,maxreward,2,Agent_2,5,12.50,24.62,
9,Peacemaker,2,Agent_3,5,12.50,24.62,
9,nsCarrot,2,Agent_4,5,12.50,25.62,
9,OldManSons,3,Agent_1,5,12.88,37.50,
9,maxreward,3,Agent_2,5,12.88,37.50,
9,Peacemaker,3,Agent_3,5,12.88,37.50,
9,nsCarrot,3,Agent_4,6,11.88,37.50,
9,OldManSons,4,Agent_1,5,13.25,50.75,
9,maxreward,4,Agent_2,5,13.25,50.75,
9,Peacemaker,4,Agent_3,5,13.25,50.75,
9,nsCarrot,4,Agent_4,7,11.25,48.75,
9,OldManSons,5,Agent_1,5,13.62,64.38,
9,maxreward,5,Agent_2,5,13.62,64.38,
9,Peacemaker,5,Agent_3,5,13.62,64.38,
9,nsCarrot,5,Agent_4,8,10.62,59.38,
9,All,final,All,,,,0.53
10,nsCarrot,1,Agent_1,5,11.75,11.75,
10,maxreward,1,Agent_2,5,11.75,11.75,
10,Peacemaker,1,Agent_3,5,11.75,11.75,
10,Turnip,1,Agent_4,3,13.75,13.75,
10,nsCarrot,2,Agent_1,6,11.12,22.88,
10,maxreward,2,Agent_2,4,13.12,24.88,
10,Peacemaker,2,Agent_3,5,12.12,23.88,
10,Turnip,2,Agent_4,4,13.12,26.88,
10,nsCarrot,3,Agent_1,4,12.38,35.25,
10,maxreward,3,Agent_2,3,13.38,38.25,
10,Peacemaker,3,Agent_3,5,11.38,35.25,
10,Turnip,3,Agent_4,5,11.38,38.25,
10,nsCarrot,4,Agent_1,3,13.00,48.25,
10,maxreward,4,Agent_2,2,14.00,52.25,
10,Peacemaker,4,Agent_3,5,11.00,46.25,
10,Turnip,4,Agent_4,6,10.00,48.25,
10,nsCarrot,5,Agent_1,2,13.62,61.88,
10,maxreward,5,Agent_2,1,14.62,66.88,
10,Peacemaker,5,Agent_3,5,10.62,56.88,
10,Turnip,5,Agent_4,7,8.62,56.88,
10,All,final,All,,,,0.42
11,Spoons,1,Agent_1,5,12.50,12.50,
11,Teamwork,1,Agent_2,5,12.50,12.50,
11,nsCarrot,1,Agent_3,5,12.50,12.50,
11,Musketeers,1,Agent_4,5,12.50,12.50,
11,Spoons,2,Agent_1,6,11.88,24.38,
11,Teamwork,2,Agent_2,5,12.88,25.38,
11,nsCarrot,2,Agent_3,5,12.88,25.38,
11,Musketeers,2,Agent_4,5,12.88,25.38,
11,Spoons,3,Agent_1,7,11.25,35.62,
11,Teamwork,3,Agent_2,5,13.25,38.62,
11,nsCarrot,3,Agent_3,5,13.25,38.62,
11,Musketeers,3,Agent_4,5,13.25,38.62,
11,Spoons,4,Agent_1,8,10.62,46.25,
11,Teamwork,4,Agent_2,5,13.62,52.25,
11,nsCarrot,4,Agent_3,5,13.62,52.25,
11,Musketeers,4,Agent_4,5,13.62,52.25,
11,Spoons,5,Agent_1,9,10.00,56.25,
11,Teamwork,5,Agent_2,5,14.00,66.25,
11,nsCarrot,5,Agent_3,5,14.00,66.25,
11,Musketeers,5,Agent_4,5,14.00,66.25,
11,All,final,All,,,,0.55
12,maxreward,1,Agent_1,5,12.50,12.50,
12,noinstruct,1,Agent_2,5,12.50,12.50,
12,Teamwork,1,Agent_3,5,12.50,12.50,
12,Odyssey,1,Agent_4,5,12.50,12.50,
12,maxreward,2,Agent_1,5,13.25,25.75,
12,noinstruct,2,Agent_2,6,12.25,24.75,
12,Teamwork,2,Agent_3,6,12.25,24.75,
12,Odyssey,2,Agent_4,5,13.25,25.75,
12,maxreward,3,Agent_1,5,12.88,38.62,
12,noinstruct,3,Agent_2,4,13.88,38.62,
12,Teamwork,3,Agent_3,7,10.88,35.62,
12,Odyssey,3,Agent_4,5,12.88,38.62,
12,maxreward,4,Agent_1,5,14.38,53.00,
12,noinstruct,4,Agent_2,7,12.38,51.00,
12,Teamwork,4,Agent_3,8,11.38,47.00,
12,Odyssey,4,Agent_4,5,14.38,53.00,
12,maxreward,5,Agent_1,5,14.00,67.00,
12,noinstruct,5,Agent_2,5,14.00,65.00,
12,Teamwork,5,Agent_3,9,10.00,57.00,
12,Odyssey,5,Agent_4,5,14.00,67.00,
12,All,final,All,,,,0.56
13,Odyssey,1,Agent_1,5,12.50,12.50,
13,Teamwork,1,Agent_2,5,12.50,12.50,
13,Musketeers,1,Agent_3,5,12.50,12.50,
13,nsPlumber,1,Agent_4,5,12.50,12.50,
13,Odyssey,2,Agent_1,6,12.25,24.75,
13,Teamwork,2,Agent_2,5,13.25,25.75,
13,Musketeers,2,Agent_3,5,13.25,25.75,
13,nsPlumber,2,Agent_4,6,12.25,24.75,
13,Odyssey,3,Agent_1,7,12.00,36.75,
13,Teamwork,3,Agent_2,5,14.00,39.75,
13,Musketeers,3,Agent_3,5,14.00,39.75,
13,nsPlumber,3,Agent_4,7,12.00,36.75,
13,Odyssey,4,Agent_1,8,11.75,48.50,
13,Teamwork,4,Agent_2,5,14.75,54.50,
13,Musketeers,4,Agent_3,5,14.75,54.50,
13,nsPlumber,4,Agent_4,8,11.75,48.50,
13,Odyssey,5,Agent_1,9,11.50,60.00,
13,Teamwork,5,Agent_2,5,15.50,70.00,
13,Musketeers,5,Agent_3,5,15.50,70.00,
13,nsPlumber,5,Agent_4,9,11.50,60.00,
13,All,final,All,,,,0.60
14,nsPlumber,1,Agent_1,5,12.50,12.50,
14,Teamwork,1,Agent_2,5,12.50,12.50,
14,OldManSons,1,Agent_3,5,12.50,12.50,
14,Odyssey,1,Agent_4,5,12.50,12.50,
14,nsPlumber,2,Agent_1,6,11.88,24.38,
14,Teamwork,2,Agent_2,5,12.88,25.38,
14,OldManSons,2,Agent_3,5,12.88,25.38,
14,Odyssey,2,Agent_4,5,12.88,25.38,
14,nsPlumber,3,Agent_1,4,13.12,37.50,
14,Teamwork,3,Agent_2,5,12.12,37.50,
14,OldManSons,3,Agent_3,5,12.12,37.50,
14,Odyssey,3,Agent_4,5,12.12,37.50,
14,nsPlumber,4,Agent_1,5,12.50,50.00,
14,Teamwork,4,Agent_2,5,12.50,50.00,
14,OldManSons,4,Agent_3,5,12.50,50.00,
14,Odyssey,4,Agent_4,5,12.50,50.00,
14,nsPlumber,5,Agent_1,3,13.75,63.75,
14,Teamwork,5,Agent_2,5,11.75,61.75,
14,OldManSons,5,Agent_3,5,11.75,61.75,
14,Odyssey,5,Agent_4,5,11.75,61.75,
14,All,final,All,,,,0.49
15,nsCarrot,1,Agent_1,5,12.50,12.50,
15,Teamwork,1,Agent_2,5,12.50,12.50,
15,Odyssey,1,Agent_3,5,12.50,12.50,
15,OldManSons,1,Agent_4,5,12.50,12.50,
15,nsCarrot,2,Agent_1,6,12.25,24.75,
15,Teamwork,2,Agent_2,5,13.25,25.75,
15,Odyssey,2,Agent_3,6,12.25,24.75,
15,OldManSons,2,Agent_4,5,13.25,25.75,
15,nsCarrot,3,Agent_1,7,11.25,36.00,
15,Teamwork,3,Agent_2,5,13.25,39.00,
15,Odyssey,3,Agent_3,5,13.25,38.00,
15,OldManSons,3,Agent_4,5,13.25,39.00,
15,nsCarrot,4,Agent_1,8,11.00,47.00,
15,Teamwork,4,Agent_2,5,14.00,53.00,
15,Odyssey,4,Agent_3,6,13.00,51.00,
15,OldManSons,4,Agent_4,5,14.00,53.00,
15,nsCarrot,5,Agent_1,9,10.00,57.00,
15,Teamwork,5,Agent_2,5,14.00,67.00,
15,Odyssey,5,Agent_3,5,14.00,65.00,
15,OldManSons,5,Agent_4,5,14.00,67.00,
15,All,final,All,,,,0.56
16,Turnip,1,Agent_1,5,12.50,12.50,
16,maxreward,1,Agent_2,5,12.50,12.50,
16,nsPlumber,1,Agent_3,5,12.50,12.50,
16,Teamwork,1,Agent_4,5,12.50,12.50,
16,Turnip,2,Agent_1,5,12.88,25.38,
16,maxreward,2,Agent_2,5,12.88,25.38,
16,nsPlumber,2,Agent_3,6,11.88,24.38,
16,Teamwork,2,Agent_4,5,12.88,25.38,
16,Turnip,3,Agent_1,5,12.50,37.88,
16,maxreward,3,Agent_2,5,12.50,37.88,
16,nsPlumber,3,Agent_3,4,13.50,37.88,
16,Teamwork,3,Agent_4,6,11.50,36.88,
16,Turnip,4,Agent_1,5,13.25,51.12,
16,maxreward,4,Agent_2,5,13.25,51.12,
16,nsPlumber,4,Agent_3,5,13.25,51.12,
16,Teamwork,4,Agent_4,7,11.25,48.12,
16,Turnip,5,Agent_1,5,12.88,64.00,
16,maxreward,5,Agent_2,5,12.88,64.00,
16,nsPlumber,5,Agent_3,3,14.88,66.00,
16,Teamwork,5,Agent_4,8,9.88,58.00,
16,All,final,All,,,,0.52
17,Spoons,1,Agent_1,5,11.75,11.75,
17,Peacemaker,1,Agent_2,5,11.75,11.75,
17,maxreward,1,Agent_3,5,11.75,11.75,
17,Turnip,1,Agent_4,3,13.75,13.75,
17,Spoons,2,Agent_1,6,11.50,23.25,
17,Peacemaker,2,Agent_2,5,12.50,24.25,
17,maxreward,2,Agent_3,5,12.50,24.25,
17,Turnip,2,Agent_4,4,13.50,27.25,
17,Spoons,3,Agent_1,7,11.62,34.88,
17,Peacemaker,3,Agent_2,6,12.62,36.88,
17,maxreward,3,Agent_3,5,13.62,37.88,
17,Turnip,3,Agent_4,5,13.62,40.88,
17,Spoons,4,Agent_1,8,11.75,46.62,
17,Peacemaker,4,Agent_2,7,12.75,49.62,
17,maxreward,4,Agent_3,5,14.75,52.62,
17,Turnip,4,Agent_4,6,13.75,54.62,
17,Spoons,5,Agent_1,9,11.50,58.12,
17,Peacemaker,5,Agent_2,7,13.50,63.12,
17,maxreward,5,Agent_3,5,15.50,68.12,
17,Turnip,5,Agent_4,7,13.50,68.12,
17,All,final,All,,,,0.57
18,Spoons,1,Agent_1,5,11.75,11.75,
18,Turnip,1,Agent_2,3,13.75,13.75,
18,OldManSons,1,Agent_3,5,11.75,11.75,
18,Odyssey,1,Agent_4,5,11.75,11.75,
18,Spoons,2,Agent_1,6,11.88,23.62,
18,Turnip,2,Agent_2,4,13.88,27.62,
18,OldManSons,2,Agent_3,5,12.88,24.62,
18,Odyssey,2,Agent_4,6,11.88,23.62,
18,Spoons,3,Agent_1,7,12.00,35.62,
18,Turnip,3,Agent_2,5,14.00,41.62,
18,OldManSons,3,Agent_3,5,14.00,38.62,
18,Odyssey,3,Agent_4,7,12.00,35.62,
18,Spoons,4,Agent_1,8,12.12,47.75,
18,Turnip,4,Agent_2,6,14.12,55.75,
18,OldManSons,4,Agent_3,5,15.12,53.75,
18,Odyssey,4,Agent_4,8,12.12,47.75,
18,Spoons,5,Agent_1,9,12.25,60.00,
18,Turnip,5,Agent_2,7,14.25,70.00,
18,OldManSons,5,Agent_3,5,16.25,70.00,
18,Odyssey,5,Agent_4,9,12.25,60.00,
18,All,final,All,,,,0.60
19,nsPlumber,1,Agent_1,5,12.50,12.50,
19,nsCarrot,1,Agent_2,5,12.50,12.50,
19,Spoons,1,Agent_3,5,12.50,12.50,
19,OldManSons,1,Agent_4,5,12.50,12.50,
19,nsPlumber,2,Agent_1,4,13.88,26.38,
19,nsCarrot,2,Agent_2,6,11.88,24.38,
19,Spoons,2,Agent_3,6,11.88,24.38,
19,OldManSons,2,Agent_4,5,12.88,25.38,
19,nsPlumber,3,Agent_1,3,14.12,40.50,
19,nsCarrot,3,Agent_2,4,13.12,37.50,
19,Spoons,3,Agent_3,7,10.12,34.50,
19,OldManSons,3,Agent_4,5,12.12,37.50,
19,nsPlumber,4,Agent_1,2,13.62,54.12,
19,nsCarrot,4,Agent_2,3,12.62,50.12,
19,Spoons,4,Agent_3,5,10.62,45.12,
19,OldManSons,4,Agent_4,5,10.62,48.12,
19,nsPlumber,5,Agent_1,1,13.88,68.00,
19,nsCarrot,5,Agent_2,2,12.88,63.00,
19,Spoons,5,Agent_3,5,9.88,55.00,
19,OldManSons,5,Agent_4,5,9.88,58.00,
19,All,final,All,,,,0.44
20,Odyssey,1,Agent_1,5,12.50,12.50,
20,Soup,1,Agent_2,5,12.50,12.50,
20,nsCarrot,1,Agent_3,5,12.50,12.50,
20,Teamwork,1,Agent_4,5,12.50,12.50,
20,Odyssey,2,Agent_1,6,12.62,25.12,
20,Soup,2,Agent_2,5,13.62,26.12,
20,nsCarrot,2,Agent_3,6,12.62,25.12,
20,Teamwork,2,Agent_4,6,12.62,25.12,
20,Odyssey,3,Agent_1,7,11.62,36.75,
20,Soup,3,Agent_2,5,13.62,39.75,
20,nsCarrot,3,Agent_3,4,14.62,39.75,
20,Teamwork,3,Agent_4,7,11.62,36.75,
20,Odyssey,4,Agent_1,5,13.62,50.38,
20,Soup,4,Agent_2,5,13.62,53.38,
20,nsCarrot,4,Agent_3,5,13.62,53.38,
20,Teamwork,4,Agent_4,8,10.62,47.38,
20,Odyssey,5,Agent_1,4,15.00,65.38,
20,Soup,5,Agent_2,5,14.00,67.38,
20,nsCarrot,5,Agent_3,6,13.00,66.38,
20,Teamwork,5,Agent_4,9,10.00,57.38,
20,All,final,All,,,,0.56
21,Turnip,1,Agent_1,5,12.50,12.50,
21,nsPlumber,1,Agent_2,5,12.50,12.50,
21,maxreward,1,Agent_3,5,12.50,12.50,
21,OldManSons,1,Agent_4,5,12.50,12.50,
21,Turnip,2,Agent_1,5,12.12,24.62,
21,nsPlumber,2,Agent_2,4,13.12,25.62,
21,maxreward,2,Agent_3,5,12.12,24.62,
21,OldManSons,2,Agent_4,5,12.12,24.62,
21,Turnip,3,Agent_1,5,12.50,37.12,
21,nsPlumber,3,Agent_2,5,12.50,38.12,
21,maxreward,3,Agent_3,5,12.50,37.12,
21,OldManSons,3,Agent_4,5,12.50,37.12,
21,Turnip,4,Agent_1,5,12.12,49.25,
21,nsPlumber,4,Agent_2,4,13.12,51.25,
21,maxreward,4,Agent_3,5,12.12,49.25,
21,OldManSons,4,Agent_4,5,12.12,49.25,
21,Turnip,5,Agent_1,5,12.50,61.75,
21,nsPlumber,5,Agent_2,5,12.50,63.75,
21,maxreward,5,Agent_3,5,12.50,61.75,
21,OldManSons,5,Agent_4,5,12.50,61.75,
21,All,final,All,,,,0.49
22,nsCarrot,1,Agent_1,5,12.50,12.50,
22,Odyssey,1,Agent_2,5,12.50,12.50,
22,Turnip,1,Agent_3,5,12.50,12.50,
22,nsPlumber,1,Agent_4,5,12.50,12.50,
22,nsCarrot,2,Agent_1,6,12.25,24.75,
22,Odyssey,2,Agent_2,5,13.25,25.75,
22,Turnip,2,Agent_3,5,13.25,25.75,
22,nsPlumber,2,Agent_4,6,12.25,24.75,
22,nsCarrot,3,Agent_1,7,12.00,36.75,
22,Odyssey,3,Agent_2,5,14.00,39.75,
22,Turnip,3,Agent_3,5,14.00,39.75,
22,nsPlumber,3,Agent_4,7,12.00,36.75,
22,nsCarrot,4,Agent_1,8,11.75,48.50,
22,Odyssey,4,Agent_2,5,14.75,54.50,
22,Turnip,4,Agent_3,5,14.75,54.50,
22,nsPlumber,4,Agent_4,8,11.75,48.50,
22,nsCarrot,5,Agent_1,9,11.50,60.00,
22,Odyssey,5,Agent_2,5,15.50,70.00,
22,Turnip,5,Agent_3,5,15.50,70.00,
22,nsPlumber,5,Agent_4,9,11.50,60.00,
22,All,final,All,,,,0.60
23,Spoons,1,Agent_1,5,12.12,12.12,
23,nsCarrot,1,Agent_2,5,12.12,12.12,
23,Soup,1,Agent_3,6,11.12,11.12,
23,Turnip,1,Agent_4,3,14.12,14.12,
23,Spoons,2,Agent_1,6,11.88,24.00,
23,nsCarrot,2,Agent_2,6,11.88,24.00,
23,Soup,2,Agent_3,5,12.88,24.00,
23,Turnip,2,Agent_4,4,13.88,28.00,
23,Spoons,3,Agent_1,7,10.50,34.50,
23,nsCarrot,3,Agent_2,4,13.50,37.50,
23,Soup,3,Agent_3,4,13.50,37.50,
23,Turnip,3,Agent_4,5,12.50,40.50,
23,Spoons,4,Agent_1,8,9.50,44.00,
23,nsCarrot,4,Agent_2,3,14.50,52.00,
23,Soup,4,Agent_3,3,14.50,52.00,
23,Turnip,4,Agent_4,6,11.50,52.00,
23,Spoons,5,Agent_1,9,8.88,52.88,
23,nsCarrot,5,Agent_2,2,15.88,67.88,
23,Soup,5,Agent_3,3,14.88,66.88,
23,Turnip,5,Agent_4,7,10.88,62.88,
23,All,final,All,,,,0.51
24,noinstruct,1,Agent_1,5,12.50,12.50,
24,nsCarrot,1,Agent_2,5,12.50,12.50,
24,maxreward,1,Agent_3,5,12.50,12.50,
24,Teamwork,1,Agent_4,5,12.50,12.50,
24,noinstruct,2,Agent_1,6,12.25,24.75,
24,nsCarrot,2,Agent_2,6,12.25,24.75,
24,maxreward,2,Agent_3,5,13.25,25.75,
24,Teamwork,2,Agent_4,5,13.25,25.75,
24,noinstruct,3,Agent_1,4,12.75,37.50,
24,nsCarrot,3,Agent_2,4,12.75,37.50,
24,maxreward,3,Agent_3,5,11.75,37.50,
24,Teamwork,3,Agent_4,5,11.75,37.50,
24,noinstruct,4,Agent_1,7,11.25,48.75,
24,nsCarrot,4,Agent_2,5,13.25,50.75,
24,maxreward,4,Agent_3,5,13.25,50.75,
24,Teamwork,4,Agent_4,5,13.25,50.75,
24,noinstruct,5,Agent_1,5,11.75,60.50,
24,nsCarrot,5,Agent_2,3,13.75,64.50,
24,maxreward,5,Agent_3,5,11.75,62.50,
24,Teamwork,5,Agent_4,5,11.75,62.50,
24,All,final,All,,,,0.50
25,Odyssey,1,Agent_1,5,12.50,12.50,
25,Teamwork,1,Agent_2,5,12.50,12.50,
25,Soup,1,Agent_3,5,12.50,12.50,
25,Peacemaker,1,Agent_4,5,12.50,12.50,
25,Odyssey,2,Agent_1,6,11.88,24.38,
25,Teamwork,2,Agent_2,5,12.88,25.38,
25,Soup,2,Agent_3,5,12.88,25.38,
25,Peacemaker,2,Agent_4,5,12.88,25.38,
25,Odyssey,3,Agent_1,7,11.25,35.62,
25,Teamwork,3,Agent_2,5,13.25,38.62,
25,Soup,3,Agent_3,5,13.25,38.62,
25,Peacemaker,3,Agent_4,5,13.25,38.62,
25,Odyssey,4,Agent_1,8,10.62,46.25,
25,Teamwork,4,Agent_2,5,13.62,52.25,
25,Soup,4,Agent_3,5,13.62,52.25,
25,Peacemaker,4,Agent_4,5,13.62,52.25,
25,Odyssey,5,Agent_1,9,10.00,56.25,
25,Teamwork,5,Agent_2,5,14.00,66.25,
25,Soup,5,Agent_3,5,14.00,66.25,
25,Peacemaker,5,Agent_4,5,14.00,66.25,
25,All,final,All,,,,0.55
26,nsPlumber,1,Agent_1,5,12.50,12.50,
26,maxreward,1,Agent_2,5,12.50,12.50,
26,Turnip,1,Agent_3,5,12.50,12.50,
26,OldManSons,1,Agent_4,5,12.50,12.50,
26,nsPlumber,2,Agent_1,6,11.88,24.38,
26,maxreward,2,Agent_2,5,12.88,25.38,
26,Turnip,2,Agent_3,5,12.88,25.38,
26,OldManSons,2,Agent_4,5,12.88,25.38,
26,nsPlumber,3,Agent_1,4,13.12,37.50,
26,maxreward,3,Agent_2,5,12.12,37.50,
26,Turnip,3,Agent_3,5,12.12,37.50,
26,OldManSons,3,Agent_4,5,12.12,37.50,
26,nsPlumber,4,Agent_1,3,13.75,51.25,
26,maxreward,4,Agent_2,5,11.75,49.25,
26,Turnip,4,Agent_3,5,11.75,49.25,
26,OldManSons,4,Agent_4,5,11.75,49.25,
26,nsPlumber,5,Agent_1,2,14.38,65.62,
26,maxreward,5,Agent_2,5,11.38,60.62,
26,Turnip,5,Agent_3,5,11.38,60.62,
26,OldManSons,5,Agent_4,5,11.38,60.62,
26,All,final,All,,,,0.47
27,Soup,1,Agent_1,5,12.50,12.50,
27,maxreward,1,Agent_2,5,12.50,12.50,
27,Spoons,1,Agent_3,5,12.50,12.50,
27,Teamwork,1,Agent_4,5,12.50,12.50,
27,Soup,2,Agent_1,5,12.88,25.38,
27,maxreward,2,Agent_2,6,11.88,24.38,
27,Spoons,2,Agent_3,5,12.88,25.38,
27,Teamwork,2,Agent_4,5,12.88,25.38,
27,Soup,3,Agent_1,5,12.12,37.50,
27,maxreward,3,Agent_2,4,13.12,37.50,
27,Spoons,3,Agent_3,5,12.12,37.50,
27,Teamwork,3,Agent_4,5,12.12,37.50,
27,Soup,4,Agent_1,5,11.75,49.25,
27,maxreward,4,Agent_2,3,13.75,51.25,
27,Spoons,4,Agent_3,5,11.75,49.25,
27,Teamwork,4,Agent_4,5,11.75,49.25,
27,Soup,5,Agent_1,5,11.38,60.62,
27,maxreward,5,Agent_2,2,14.38,65.62,
27,Spoons,5,Agent_3,5,11.38,60.62,
27,Teamwork,5,Agent_4,5,11.38,60.62,
27,All,final,All,,,,0.47
28,Turnip,1,Agent_1,5,12.50,12.50,
28,Teamwork,1,Agent_2,5,12.50,12.50,
28,maxreward,1,Agent_3,5,12.50,12.50,
28,Peacemaker,1,Agent_4,5,12.50,12.50,
28,Turnip,2,Agent_1,5,12.88,25.38,
28,Teamwork,2,Agent_2,5,12.88,25.38,
28,maxreward,2,Agent_3,6,11.88,24.38,
28,Peacemaker,2,Agent_4,5,12.88,25.38,
28,Turnip,3,Agent_1,5,13.25,38.62,
28,Teamwork,3,Agent_2,5,13.25,38.62,
28,maxreward,3,Agent_3,7,11.25,35.62,
28,Peacemaker,3,Agent_4,5,13.25,38.62,
28,Turnip,4,Agent_1,5,13.62,52.25,
28,Teamwork,4,Agent_2,5,13.62,52.25,
28,maxreward,4,Agent_3,8,10.62,46.25,
28,Peacemaker,4,Agent_4,5,13.62,52.25,
28,Turnip,5,Agent_1,5,14.00,66.25,
28,Teamwork,5,Agent_2,5,14.00,66.25,
28,maxreward,5,Agent_3,9,10.00,56.25,
28,Peacemaker,5,Agent_4,5,14.00,66.25,
28,All,final,All,,,,0.55
29,OldManSons,1,Agent_1,5,12.88,12.88,
29,nsCarrot,1,Agent_2,5,12.88,12.88,
29,maxreward,1,Agent_3,5,12.88,12.88,
29,Teamwork,1,Agent_4,6,11.88,11.88,
29,OldManSons,2,Agent_1,5,12.88,25.75,
29,nsCarrot,2,Agent_2,6,11.88,24.75,
29,maxreward,2,Agent_3,4,13.88,26.75,
29,Teamwork,2,Agent_4,6,11.88,23.75,
29,OldManSons,3,Agent_1,5,12.88,38.62,
29,nsCarrot,3,Agent_2,7,10.88,35.62,
29,maxreward,3,Agent_3,3,14.88,41.62,
29,Teamwork,3,Agent_4,6,11.88,35.62,
29,OldManSons,4,Agent_1,5,12.88,51.50,
29,nsCarrot,4,Agent_2,8,9.88,45.50,
29,maxreward,4,Agent_3,2,15.88,57.50,
29,Teamwork,4,Agent_4,6,11.88,47.50,
29,OldManSons,5,Agent_1,5,12.88,64.38,
29,nsCarrot,5,Agent_2,9,8.88,54.38,
29,maxreward,5,Agent_3,1,16.88,74.38,
29,Teamwork,5,Agent_4,6,11.88,59.38,
29,All,final,All,,,,0.53
30,OldManSons,1,Agent_1,5,12.50,12.50,
30,Musketeers,1,Agent_2,5,12.50,12.50,
30,Soup,1,Agent_3,5,12.50,12.50,
30,maxreward,1,Agent_4,5,12.50,12.50,
30,OldManSons,2,Agent_1,5,12.88,25.38,
30,Musketeers,2,Agent_2,5,12.88,25.38,
30,Soup,2,Agent_3,6,11.88,24.38,
30,maxreward,2,Agent_4,5,12.88,25.38,
30,OldManSons,3,Agent_1,5,13.25,38.62,
30,Musketeers,3,Agent_2,5,13.25,38.62,
30,Soup,3,Agent_3,7,11.25,35.62,
30,maxreward,3,Agent_4,5,13.25,38.62,
30,OldManSons,4,Agent_1,5,13.62,52.25,
30,Musketeers,4,Agent_2,5,13.62,52.25,
30,Soup,4,Agent_3,8,10.62,46.25,
30,maxreward,4,Agent_4,5,13.62,52.25,
30,OldManSons,5,Agent_1,5,14.00,66.25,
30,Musketeers,5,Agent_2,5,14.00,66.25,
30,Soup,5,Agent_3,9,10.00,56.25,
30,maxreward,5,Agent_4,5,14.00,66.25,
30,All,final,All,,,,0.55
31,OldManSons,1,Agent_1,5,12.50,12.50,
31,Teamwork,1,Agent_2,5,12.50,12.50,
31,nsPlumber,1,Agent_3,5,12.50,12.50,
31,Turnip,1,Agent_4,5,12.50,12.50,
31,OldManSons,2,Agent_1,5,12.88,25.38,
31,Teamwork,2,Agent_2,5,12.88,25.38,
31,nsPlumber,2,Agent_3,6,11.88,24.38,
31,Turnip,2,Agent_4,5,12.88,25.38,
31,OldManSons,3,Agent_1,5,13.25,38.62,
31,Teamwork,3,Agent_2,5,13.25,38.62,
31,nsPlumber,3,Agent_3,7,11.25,35.62,
31,Turnip,3,Agent_4,5,13.25,38.62,
31,OldManSons,4,Agent_1,5,13.62,52.25,
31,Teamwork,4,Agent_2,5,13.62,52.25,
31,nsPlumber,4,Agent_3,8,10.62,46.25,
31,Turnip,4,Agent_4,5,13.62,52.25,
31,OldManSons,5,Agent_1,5,14.00,66.25,
31,Teamwork,5,Agent_2,5,14.00,66.25,
31,nsPlumber,5,Agent_3,9,10.00,56.25,
31,Turnip,5,Agent_4,5,14.00,66.25,
31,All,final,All,,,,0.55
32,noinstruct,1,Agent_1,5,12.50,12.50,
32,Musketeers,1,Agent_2,5,12.50,12.50,
32,Odyssey,1,Agent_3,5,12.50,12.50,
32,Soup,1,Agent_4,5,12.50,12.50,
32,noinstruct,2,Agent_1,5,12.50,25.00,
32,Musketeers,2,Agent_2,5,12.50,25.00,
32,Odyssey,2,Agent_3,4,13.50,26.00,
32,Soup,2,Agent_4,6,11.50,24.00,
32,noinstruct,3,Agent_1,5,11.75,36.75,
32,Musketeers,3,Agent_2,5,11.75,36.75,
32,Odyssey,3,Agent_3,1,15.75,41.75,
32,Soup,3,Agent_4,7,9.75,33.75,
32,noinstruct,4,Agent_1,5,11.75,48.50,
32,Musketeers,4,Agent_2,5,11.75,48.50,
32,Odyssey,4,Agent_3,0,16.75,58.50,
32,Soup,4,Agent_4,8,8.75,42.50,
32,noinstruct,5,Agent_1,5,12.12,60.62,
32,Musketeers,5,Agent_2,5,12.12,60.62,
32,Odyssey,5,Agent_3,0,17.12,75.62,
32,Soup,5,Agent_4,9,8.12,50.62,
32,All,final,All,,,,0.47
33,Odyssey,1,Agent_1,5,12.50,12.50,
33,Soup,1,Agent_2,5,12.50,12.50,
33,nsCarrot,1,Agent_3,5,12.50,12.50,
33,OldManSons,1,Agent_4,5,12.50,12.50,
33,Odyssey,2,Agent_1,5,13.25,25.75,
33,Soup,2,Agent_2,6,12.25,24.75,
33,nsCarrot,2,Agent_3,6,12.25,24.75,
33,OldManSons,2,Agent_4,5,13.25,25.75,
33,Odyssey,3,Agent_1,5,12.88,38.62,
33,Soup,3,Agent_2,7,10.88,35.62,
33,nsCarrot,3,Agent_3,4,13.88,38.62,
33,OldManSons,3,Agent_4,5,12.88,38.62,
33,Odyssey,4,Agent_1,5,12.88,51.50,
33,Soup,4,Agent_2,8,9.88,45.50,
33,nsCarrot,4,Agent_3,3,14.88,53.50,
33,OldManSons,4,Agent_4,5,12.88,51.50,
33,Odyssey,5,Agent_1,5,12.88,64.38,
33,Soup,5,Agent_2,9,8.88,54.38,
33,nsCarrot,5,Agent_3,2,15.88,69.38,
33,OldManSons,5,Agent_4,5,12.88,64.38,
33,All,final,All,,,,0.53
34,noinstruct,1,Agent_1,5,11.75,11.75,
34,Teamwork,1,Agent_2,5,11.75,11.75,
34,Turnip,1,Agent_3,3,13.75,13.75,
34,Odyssey,1,Agent_4,5,11.75,11.75,
34,noinstruct,2,Agent_1,6,11.12,22.88,
34,Teamwork,2,Agent_2,5,12.12,23.88,
34,Turnip,2,Agent_3,4,13.12,26.88,
34,Odyssey,2,Agent_4,4,13.12,24.88,
34,noinstruct,3,Agent_1,4,12.38,35.25,
34,Teamwork,3,Agent_2,5,11.38,35.25,
34,Turnip,3,Agent_3,5,11.38,38.25,
34,Odyssey,3,Agent_4,3,13.38,38.25,
34,noinstruct,4,Agent_1,5,11.75,47.00,
34,Teamwork,4,Agent_2,5,11.75,47.00,
34,Turnip,4,Agent_3,6,10.75,49.00,
34,Odyssey,4,Agent_4,2,14.75,53.00,
34,noinstruct,5,Agent_1,3,13.00,60.00,
34,Teamwork,5,Agent_2,5,11.00,58.00,
34,Turnip,5,Agent_3,7,9.00,58.00,
34,Odyssey,5,Agent_4,1,15.00,68.00,
34,All,final,All,,,,0.44
35,nsCarrot,1,Agent_1,5,12.50,12.50,
35,Turnip,1,Agent_2,5,12.50,12.50,
35,Musketeers,1,Agent_3,5,12.50,12.50,
35,noinstruct,1,Agent_4,5,12.50,12.50,
35,nsCarrot,2,Agent_1,4,13.12,25.62,
35,Turnip,2,Agent_2,5,12.12,24.62,
35,Musketeers,2,Agent_3,5,12.12,24.62,
35,noinstruct,2,Agent_4,5,12.12,24.62,
35,nsCarrot,3,Agent_1,3,14.12,39.75,
35,Turnip,3,Agent_2,5,12.12,36.75,
35,Musketeers,3,Agent_3,6,11.12,35.75,
35,noinstruct,3,Agent_4,5,12.12,36.75,
35,nsCarrot,4,Agent_1,2,14.75,54.50,
35,Turnip,4,Agent_2,5,11.75,48.50,
35,Musketeers,4,Agent_3,6,10.75,46.50,
35,noinstruct,4,Agent_4,5,11.75,48.50,
35,nsCarrot,5,Agent_1,1,15.75,70.25,
35,Turnip,5,Agent_2,5,11.75,60.25,
35,Musketeers,5,Agent_3,7,9.75,56.25,
35,noinstruct,5,Agent_4,5,11.75,60.25,
35,All,final,All,,,,0.47
36,noinstruct,1,Agent_1,5,12.50,12.50,
36,Musketeers,1,Agent_2,5,12.50,12.50,
36,Odyssey,1,Agent_3,5,12.50,12.50,
36,Peacemaker,1,Agent_4,5,12.50,12.50,
36,noinstruct,2,Agent_1,6,12.62,25.12,
36,Musketeers,2,Agent_2,6,12.62,25.12,
36,Odyssey,2,Agent_3,6,12.62,25.12,
36,Peacemaker,2,Agent_4,5,13.62,26.12,
36,noinstruct,3,Agent_1,4,14.62,39.75,
36,Musketeers,3,Agent_2,7,11.62,36.75,
36,Odyssey,3,Agent_3,7,11.62,36.75,
36,Peacemaker,3,Agent_4,5,13.62,39.75,
36,noinstruct,4,Agent_1,3,16.00,55.75,
36,Musketeers,4,Agent_2,8,11.00,47.75,
36,Odyssey,4,Agent_3,8,11.00,47.75,
36,Peacemaker,4,Agent_4,5,14.00,53.75,
36,noinstruct,5,Agent_1,2,17.38,73.12,
36,Musketeers,5,Agent_2,9,10.38,58.12,
36,Odyssey,5,Agent_3,9,10.38,58.12,
36,Peacemaker,5,Agent_4,5,14.38,68.12,
36,All,final,All,,,,0.57
37,Turnip,1,Agent_1,5,12.50,12.50,
37,Odyssey,1,Agent_2,5,12.50,12.50,
37,Teamwork,1,Agent_3,5,12.50,12.50,
37,Musketeers,1,Agent_4,5,12.50,12.50,
37,Turnip,2,Agent_1,5,12.88,25.38,
37,Odyssey,2,Agent_2,6,11.88,24.38,
37,Teamwork,2,Agent_3,5,12.88,25.38,
37,Musketeers,2,Agent_4,5,12.88,25.38,
37,Turnip,3,Agent_1,5,13.25,38.62,
37,Odyssey,3,Agent_2,7,11.25,35.62,
37,Teamwork,3,Agent_3,5,13.25,38.62,
37,Musketeers,3,Agent_4,5,13.25,38.62,
37,Turnip,4,Agent_1,5,11.75,50.38,
37,Odyssey,4,Agent_2,3,13.75,49.38,
37,Teamwork,4,Agent_3,5,11.75,50.38,
37,Musketeers,4,Agent_4,5,11.75,50.38,
37,Turnip,5,Agent_1,5,11.38,61.75,
37,Odyssey,5,Agent_2,2,14.38,63.75,
37,Teamwork,5,Agent_3,5,11.38,61.75,
37,Musketeers,5,Agent_4,5,11.38,61.75,
37,All,final,All,,,,0.49
38,Peacemaker,1,Agent_1,5,12.88,12.88,
38,Spoons,1,Agent_2,5,12.88,12.88,
38,maxreward,1,Agent_3,5,12.88,12.88,
38,Turnip,1,Agent_4,6,11.88,11.88,
38,Peacemaker,2,Agent_1,5,13.25,26.12,
38,Spoons,2,Agent_2,6,12.25,25.12,
38,maxreward,2,Agent_3,6,12.25,25.12,
38,Turnip,2,Agent_4,5,13.25,25.12,
38,Peacemaker,3,Agent_1,5,13.62,39.75,
38,Spoons,3,Agent_2,7,11.62,36.75,
38,maxreward,3,Agent_3,7,11.62,36.75,
38,Turnip,3,Agent_4,4,14.62,39.75,
38,Peacemaker,4,Agent_1,5,14.00,53.75,
38,Spoons,4,Agent_2,8,11.00,47.75,
38,maxreward,4,Agent_3,8,11.00,47.75,
38,Turnip,4,Agent_4,3,16.00,55.75,
38,Peacemaker,5,Agent_1,5,14.38,68.12,
38,Spoons,5,Agent_2,9,10.38,58.12,
38,maxreward,5,Agent_3,9,10.38,58.12,
38,Turnip,5,Agent_4,2,17.38,73.12,
38,All,final,All,,,,0.57
39,nsCarrot,1,Agent_1,5,14.38,14.38,
39,Teamwork,1,Agent_2,5,14.38,14.38,
39,OldManSons,1,Agent_3,10,9.38,9.38,
39,Odyssey,1,Agent_4,5,14.38,14.38,
39,nsCarrot,2,Agent_1,6,14.12,28.50,
39,Teamwork,2,Agent_2,5,15.12,29.50,
39,OldManSons,2,Agent_3,10,10.12,19.50,
39,Odyssey,2,Agent_4,6,14.12,28.50,
39,nsCarrot,3,Agent_1,7,12.75,41.25,
39,Teamwork,3,Agent_2,5,14.75,44.25,
39,OldManSons,3,Agent_3,10,9.75,29.25,
39,Odyssey,3,Agent_4,4,15.75,44.25,
39,nsCarrot,4,Agent_1,4,15.00,56.25,
39,Teamwork,4,Agent_2,5,14.00,58.25,
39,OldManSons,4,Agent_3,10,9.00,38.25,
39,Odyssey,4,Agent_4,5,14.00,58.25,
39,nsCarrot,5,Agent_1,5,15.12,71.38,
39,Teamwork,5,Agent_2,5,15.12,73.38,
39,OldManSons,5,Agent_3,10,10.12,48.38,
39,Odyssey,5,Agent_4,7,13.12,71.38,
39,All,final,All,,,,0.65
40,noinstruct,1,Agent_1,5,12.50,12.50,
40,Odyssey,1,Agent_2,5,12.50,12.50,
40,Turnip,1,Agent_3,5,12.50,12.50,
40,Teamwork,1,Agent_4,5,12.50,12.50,
40,noinstruct,2,Agent_1,5,12.88,25.38,
40,Odyssey,2,Agent_2,6,11.88,24.38,
40,Turnip,2,Agent_3,5,12.88,25.38,
40,Teamwork,2,Agent_4,5,12.88,25.38,
40,noinstruct,3,Agent_1,5,12.12,37.50,
40,Odyssey,3,Agent_2,4,13.12,37.50,
40,Turnip,3,Agent_3,5,12.12,37.50,
40,Teamwork,3,Agent_4,5,12.12,37.50,
40,noinstruct,4,Agent_1,5,13.25,50.75,
40,Odyssey,4,Agent_2,7,11.25,48.75,
40,Turnip,4,Agent_3,5,13.25,50.75,
40,Teamwork,4,Agent_4,5,13.25,50.75,
40,noinstruct,5,Agent_1,5,12.50,63.25,
40,Odyssey,5,Agent_2,5,12.50,61.25,
40,Turnip,5,Agent_3,5,12.50,63.25,
40,Teamwork,5,Agent_4,5,12.50,63.25,
40,All,final,All,,,,0.51
41,noinstruct,1,Agent_1,5,12.50,12.50,
41,nsCarrot,1,Agent_2,5,12.50,12.50,
41,Turnip,1,Agent_3,5,12.50,12.50,
41,nsPlumber,1,Agent_4,5,12.50,12.50,
41,noinstruct,2,Agent_1,6,12.62,25.12,
41,nsCarrot,2,Agent_2,6,12.62,25.12,
41,Turnip,2,Agent_3,5,13.62,26.12,
41,nsPlumber,2,Agent_4,6,12.62,25.12,
41,noinstruct,3,Agent_1,4,14.62,39.75,
41,nsCarrot,3,Agent_2,7,11.62,36.75,
41,Turnip,3,Agent_3,5,13.62,39.75,
41,nsPlumber,3,Agent_4,7,11.62,36.75,
41,noinstruct,4,Agent_1,5,14.75,54.50,
41,nsCarrot,4,Agent_2,8,11.75,48.50,
41,Turnip,4,Agent_3,5,14.75,54.50,
41,nsPlumber,4,Agent_4,8,11.75,48.50,
41,noinstruct,5,Agent_1,3,16.75,71.25,
41,nsCarrot,5,Agent_2,9,10.75,59.25,
41,Turnip,5,Agent_3,5,14.75,69.25,
41,nsPlumber,5,Agent_4,9,10.75,59.25,
41,All,final,All,,,,0.59
42,Turnip,1,Agent_1,5,12.50,12.50,
42,noinstruct,1,Agent_2,5,12.50,12.50,
42,Spoons,1,Agent_3,5,12.50,12.50,
42,maxreward,1,Agent_4,5,12.50,12.50,
42,Turnip,2,Agent_1,5,13.25,25.75,
42,noinstruct,2,Agent_2,6,12.25,24.75,
42,Spoons,2,Agent_3,6,12.25,24.75,
42,maxreward,2,Agent_4,5,13.25,25.75,
42,Turnip,3,Agent_1,5,12.88,38.62,
42,noinstruct,3,Agent_2,4,13.88,38.62,
42,Spoons,3,Agent_3,7,10.88,35.62,
42,maxreward,3,Agent_4,5,12.88,38.62,
42,Turnip,4,Agent_1,5,13.62,52.25,
42,noinstruct,4,Agent_2,5,13.62,52.25,
42,Spoons,4,Agent_3,8,10.62,46.25,
42,maxreward,4,Agent_4,5,13.62,52.25,
42,Turnip,5,Agent_1,5,13.25,65.50,
42,noinstruct,5,Agent_2,3,15.25,67.50,
42,Spoons,5,Agent_3,9,9.25,55.50,
42,maxreward,5,Agent_4,5,13.25,65.50,
42,All,final,All,,,,0.54
43,nsCarrot,1,Agent_1,5,12.50,12.50,
43,nsPlumber,1,Agent_2,5,12.50,12.50,
43,Peacemaker,1,Agent_3,5,12.50,12.50,
43,Odyssey,1,Agent_4,5,12.50,12.50,
43,nsCarrot,2,Agent_1,4,13.50,26.00,
43,nsPlumber,2,Agent_2,4,13.50,26.00,
43,Peacemaker,2,Agent_3,6,11.50,24.00,
43,Odyssey,2,Agent_4,6,11.50,24.00,
43,nsCarrot,3,Agent_1,2,15.12,41.12,
43,nsPlumber,3,Agent_2,3,14.12,40.12,
43,Peacemaker,3,Agent_3,7,10.12,34.12,
43,Odyssey,3,Agent_4,7,10.12,34.12,
43,nsCarrot,4,Agent_1,3,14.88,56.00,
43,nsPlumber,4,Agent_2,2,15.88,56.00,
43,Peacemaker,4,Agent_3,8,9.88,44.00,
43,Odyssey,4,Agent_4,8,9.88,44.00,
43,nsCarrot,5,Agent_1,5,14.00,70.00,
43,nsPlumber,5,Agent_2,1,18.00,74.00,
43,Peacemaker,5,Agent_3,9,10.00,54.00,
43,Odyssey,5,Agent_4,9,10.00,54.00,
43,All,final,All,,,,0.52
44,Spoons,1,Agent_1,5,10.62,10.62,
44,nsCarrot,1,Agent_2,5,10.62,10.62,
44,Musketeers,1,Agent_3,5,10.62,10.62,
44,maxreward,1,Agent_4,0,15.62,15.62,
44,Spoons,2,Agent_1,5,11.38,22.00,
44,nsCarrot,2,Agent_2,6,10.38,21.00,
44,Musketeers,2,Agent_3,6,10.38,21.00,
44,maxreward,2,Agent_4,0,16.38,32.00,
44,Spoons,3,Agent_1,5,11.00,33.00,
44,nsCarrot,3,Agent_2,4,12.00,33.00,
44,Musketeers,3,Agent_3,7,9.00,30.00,
44,maxreward,3,Agent_4,0,16.00,48.00,
44,Spoons,4,Agent_1,5,9.50,42.50,
44,nsCarrot,4,Agent_2,3,11.50,44.50,
44,Musketeers,4,Agent_3,4,10.50,40.50,
44,maxreward,4,Agent_4,0,14.50,62.50,
44,Spoons,5,Agent_1,5,9.50,52.00,
44,nsCarrot,5,Agent_2,2,12.50,57.00,
44,Musketeers,5,Agent_3,5,9.50,50.00,
44,maxreward,5,Agent_4,0,14.50,77.00,
44,All,final,All,,,,0.36
45,OldManSons,1,Agent_1,5,12.50,12.50,
45,Teamwork,1,Agent_2,5,12.50,12.50,
45,Soup,1,Agent_3,5,12.50,12.50,
45,nsCarrot,1,Agent_4,5,12.50,12.50,
45,OldManSons,2,Agent_1,5,12.88,25.38,
45,Teamwork,2,Agent_2,5,12.88,25.38,
45,Soup,2,Agent_3,5,12.88,25.38,
45,nsCarrot,2,Agent_4,6,11.88,24.38,
45,OldManSons,3,Agent_1,5,13.25,38.62,
45,Teamwork,3,Agent_2,5,13.25,38.62,
45,Soup,3,Agent_3,5,13.25,38.62,
45,nsCarrot,3,Agent_4,7,11.25,35.62,
45,OldManSons,4,Agent_1,5,13.62,52.25,
45,Teamwork,4,Agent_2,5,13.62,52.25,
45,Soup,4,Agent_3,5,13.62,52.25,
45,nsCarrot,4,Agent_4,8,10.62,46.25,
45,OldManSons,5,Agent_1,5,14.00,66.25,
45,Teamwork,5,Agent_2,5,14.00,66.25,
45,Soup,5,Agent_3,5,14.00,66.25,
45,nsCarrot,5,Agent_4,9,10.00,56.25,
45,All,final,All,,,,0.55
46,maxreward,1,Agent_1,5,12.50,12.50,
46,nsCarrot,1,Agent_2,5,12.50,12.50,
46,Teamwork,1,Agent_3,5,12.50,12.50,
46,OldManSons,1,Agent_4,5,12.50,12.50,
46,maxreward,2,Agent_1,6,12.25,24.75,
46,nsCarrot,2,Agent_2,6,12.25,24.75,
46,Teamwork,2,Agent_3,5,13.25,25.75,
46,OldManSons,2,Agent_4,5,13.25,25.75,
46,maxreward,3,Agent_1,7,10.88,35.62,
46,nsCarrot,3,Agent_2,4,13.88,38.62,
46,Teamwork,3,Agent_3,5,12.88,38.62,
46,OldManSons,3,Agent_4,5,12.88,38.62,
46,maxreward,4,Agent_1,8,10.62,46.25,
46,nsCarrot,4,Agent_2,5,13.62,52.25,
46,Teamwork,4,Agent_3,5,13.62,52.25,
46,OldManSons,4,Agent_4,5,13.62,52.25,
46,maxreward,5,Agent_1,9,9.25,55.50,
46,nsCarrot,5,Agent_2,3,15.25,67.50,
46,Teamwork,5,Agent_3,5,13.25,65.50,
46,OldManSons,5,Agent_4,5,13.25,65.50,
46,All,final,All,,,,0.54
47,Odyssey,1,Agent_1,5,12.50,12.50,
47,Soup,1,Agent_2,5,12.50,12.50,
47,Turnip,1,Agent_3,5,12.50,12.50,
47,Teamwork,1,Agent_4,5,12.50,12.50,
47,Odyssey,2,Agent_1,6,11.88,24.38,
47,Soup,2,Agent_2,5,12.88,25.38,
47,Turnip,2,Agent_3,5,12.88,25.38,
47,Teamwork,2,Agent_4,5,12.88,25.38,
47,Odyssey,3,Agent_1,4,13.50,37.88,
47,Soup,3,Agent_2,5,12.50,37.88,
47,Turnip,3,Agent_3,5,12.50,37.88,
47,Teamwork,3,Agent_4,6,11.50,36.88,
47,Odyssey,4,Agent_1,5,13.25,51.12,
47,Soup,4,Agent_2,5,13.25,51.12,
47,Turnip,4,Agent_3,5,13.25,51.12,
47,Teamwork,4,Agent_4,7,11.25,48.12,
47,Odyssey,5,Agent_1,3,14.88,66.00,
47,Soup,5,Agent_2,5,12.88,64.00,
47,Turnip,5,Agent_3,5,12.88,64.00,
47,Teamwork,5,Agent_4,8,9.88,58.00,
47,All,final,All,,,,0.52
48,Soup,1,Agent_1,5,12.50,12.50,
48,noinstruct,1,Agent_2,5,12.50,12.50,
48,OldManSons,1,Agent_3,5,12.50,12.50,
48,Turnip,1,Agent_4,5,12.50,12.50,
48,Soup,2,Agent_1,6,11.88,24.38,
48,noinstruct,2,Agent_2,5,12.88,25.38,
48,OldManSons,2,Agent_3,5,12.88,25.38,
48,Turnip,2,Agent_4,5,12.88,25.38,
48,Soup,3,Agent_1,7,11.25,35.62,
48,noinstruct,3,Agent_2,5,13.25,38.62,
48,OldManSons,3,Agent_3,5,13.25,38.62,
48,Turnip,3,Agent_4,5,13.25,38.62,
48,Soup,4,Agent_1,8,10.62,46.25,
48,noinstruct,4,Agent_2,5,13.62,52.25,
48,OldManSons,4,Agent_3,5,13.62,52.25,
48,Turnip,4,Agent_4,5,13.62,52.25,
48,Soup,5,Agent_1,9,10.00,56.25,
48,noinstruct,5,Agent_2,5,14.00,66.25,
48,OldManSons,5,Agent_3,5,14.00,66.25,
48,Turnip,5,Agent_4,5,14.00,66.25,
48,All,final,All,,,,0.55
49,Odyssey,1,Agent_1,5,12.50,12.50,
49,Peacemaker,1,Agent_2,5,12.50,12.50,
49,Turnip,1,Agent_3,5,12.50,12.50,
49,Spoons,1,Agent_4,5,12.50,12.50,
49,Odyssey,2,Agent_1,6,11.88,24.38,
49,Peacemaker,2,Agent_2,5,12.88,25.38,
49,Turnip,2,Agent_3,5,12.88,25.38,
49,Spoons,2,Agent_4,5,12.88,25.38,
49,Odyssey,3,Agent_1,4,13.12,37.50,
49,Peacemaker,3,Agent_2,5,12.12,37.50,
49,Turnip,3,Agent_3,5,12.12,37.50,
49,Spoons,3,Agent_4,5,12.12,37.50,
49,Odyssey,4,Agent_1,3,13.75,51.25,
49,Peacemaker,4,Agent_2,5,11.75,49.25,
49,Turnip,4,Agent_3,5,11.75,49.25,
49,Spoons,4,Agent_4,5,11.75,49.25,
49,Odyssey,5,Agent_1,2,14.38,65.62,
49,Peacemaker,5,Agent_2,5,11.38,60.62,
49,Turnip,5,Agent_3,5,11.38,60.62,
49,Spoons,5,Agent_4,5,11.38,60.62,
49,All,final,All,,,,0.47
50,Teamwork,1,Agent_1,5,12.50,12.50,
50,nsPlumber,1,Agent_2,5,12.50,12.50,
50,Soup,1,Agent_3,5,12.50,12.50,
50,nsCarrot,1,Agent_4,5,12.50,12.50,
50,Teamwork,2,Agent_1,5,13.62,26.12,
50,nsPlumber,2,Agent_2,6,12.62,25.12,
50,Soup,2,Agent_3,6,12.62,25.12,
50,nsCarrot,2,Agent_4,6,12.62,25.12,
50,Teamwork,3,Agent_1,5,12.50,38.62,
50,nsPlumber,3,Agent_2,4,13.50,38.62,
50,Soup,3,Agent_3,7,10.50,35.62,
50,nsCarrot,3,Agent_4,4,13.50,38.62,
50,Teamwork,4,Agent_1,5,12.12,50.75,
50,nsPlumber,4,Agent_2,3,14.12,52.75,
50,Soup,4,Agent_3,6,11.12,46.75,
50,nsCarrot,4,Agent_4,5,12.12,50.75,
50,Teamwork,5,Agent_1,5,12.12,62.88,
50,nsPlumber,5,Agent_2,2,15.12,67.88,
50,Soup,5,Agent_3,5,12.12,58.88,
50,nsCarrot,5,Agent_4,7,10.12,60.88,
50,All,final,All,,,,0.51
51,noinstruct,1,Agent_1,5,12.50,12.50,
51,OldManSons,1,Agent_2,5,12.50,12.50,
51,Odyssey,1,Agent_3,5,12.50,12.50,
51,Musketeers,1,Agent_4,5,12.50,12.50,
51,noinstruct,2,Agent_1,6,11.88,24.38,
51,OldManSons,2,Agent_2,5,12.88,25.38,
51,Odyssey,2,Agent_3,5,12.88,25.38,
51,Musketeers,2,Agent_4,5,12.88,25.38,
51,noinstruct,3,Agent_1,4,13.12,37.50,
51,OldManSons,3,Agent_2,5,12.12,37.50,
51,Odyssey,3,Agent_3,5,12.12,37.50,
51,Musketeers,3,Agent_4,5,12.12,37.50,
51,noinstruct,4,Agent_1,5,12.50,50.00,
51,OldManSons,4,Agent_2,5,12.50,50.00,
51,Odyssey,4,Agent_3,5,12.50,50.00,
51,Musketeers,4,Agent_4,5,12.50,50.00,
51,noinstruct,5,Agent_1,3,13.75,63.75,
51,OldManSons,5,Agent_2,5,11.75,61.75,
51,Odyssey,5,Agent_3,5,11.75,61.75,
51,Musketeers,5,Agent_4,5,11.75,61.75,
51,All,final,All,,,,0.49
52,Odyssey,1,Agent_1,5,12.50,12.50,
52,maxreward,1,Agent_2,5,12.50,12.50,
52,noinstruct,1,Agent_3,5,12.50,12.50,
52,Spoons,1,Agent_4,5,12.50,12.50,
52,Odyssey,2,Agent_1,5,13.62,26.12,
52,maxreward,2,Agent_2,6,12.62,25.12,
52,noinstruct,2,Agent_3,6,12.62,25.12,
52,Spoons,2,Agent_4,6,12.62,25.12,
52,Odyssey,3,Agent_1,5,13.62,39.75,
52,maxreward,3,Agent_2,7,11.62,36.75,
52,noinstruct,3,Agent_3,4,14.62,39.75,
52,Spoons,3,Agent_4,7,11.62,36.75,
52,Odyssey,4,Agent_1,5,14.00,53.75,
52,maxreward,4,Agent_2,8,11.00,47.75,
52,noinstruct,4,Agent_3,3,16.00,55.75,
52,Spoons,4,Agent_4,8,11.00,47.75,
52,Odyssey,5,Agent_1,5,14.38,68.12,
52,maxreward,5,Agent_2,9,10.38,58.12,
52,noinstruct,5,Agent_3,2,17.38,73.12,
52,Spoons,5,Agent_4,9,10.38,58.12,
52,All,final,All,,,,0.57
53,Peacemaker,1,Agent_1,5,12.50,12.50,
53,Soup,1,Agent_2,5,12.50,12.50,
53,Odyssey,1,Agent_3,5,12.50,12.50,
53,Turnip,1,Agent_4,5,12.50,12.50,
53,Peacemaker,2,Agent_1,5,12.50,25.00,
53,Soup,2,Agent_2,5,12.50,25.00,
53,Odyssey,2,Agent_3,5,12.50,25.00,
53,Turnip,2,Agent_4,5,12.50,25.00,
53,Peacemaker,3,Agent_1,5,12.50,37.50,
53,Soup,3,Agent_2,5,12.50,37.50,
53,Odyssey,3,Agent_3,5,12.50,37.50,
53,Turnip,3,Agent_4,5,12.50,37.50,
53,Peacemaker,4,Agent_1,5,12.50,50.00,
53,Soup,4,Agent_2,5,12.50,50.00,
53,Odyssey,4,Agent_3,5,12.50,50.00,
53,Turnip,4,Agent_4,5,12.50,50.00,
53,Peacemaker,5,Agent_1,5,12.50,62.50,
53,Soup,5,Agent_2,5,12.50,62.50,
53,Odyssey,5,Agent_3,5,12.50,62.50,
53,Turnip,5,Agent_4,5,12.50,62.50,
53,All,final,All,,,,0.50
54,Odyssey,1,Agent_1,5,12.50,12.50,
54,Soup,1,Agent_2,5,12.50,12.50,
54,Teamwork,1,Agent_3,5,12.50,12.50,
54,Musketeers,1,Agent_4,5,12.50,12.50,
54,Odyssey,2,Agent_1,6,12.62,25.12,
54,Soup,2,Agent_2,5,13.62,26.12,
54,Teamwork,2,Agent_3,6,12.62,25.12,
54,Musketeers,2,Agent_4,6,12.62,25.12,
54,Odyssey,3,Agent_1,7,13.12,38.25,
54,Soup,3,Agent_2,6,14.12,40.25,
54,Teamwork,3,Agent_3,7,13.12,38.25,
54,Musketeers,3,Agent_4,7,13.12,38.25,
54,Odyssey,4,Agent_1,8,13.25,51.50,
54,Soup,4,Agent_2,6,15.25,55.50,
54,Teamwork,4,Agent_3,8,13.25,51.50,
54,Musketeers,4,Agent_4,8,13.25,51.50,
54,Odyssey,5,Agent_1,9,13.75,65.25,
54,Soup,5,Agent_2,7,15.75,71.25,
54,Teamwork,5,Agent_3,9,13.75,65.25,
54,Musketeers,5,Agent_4,9,13.75,65.25,
54,All,final,All,,,,0.67
55,Soup,1,Agent_1,3,15.62,15.62,
55,Spoons,1,Agent_2,5,13.62,13.62,
55,OldManSons,1,Agent_3,10,8.62,8.62,
55,Odyssey,1,Agent_4,5,13.62,13.62,
55,Soup,2,Agent_1,4,15.00,30.62,
55,Spoons,2,Agent_2,6,13.00,26.62,
55,OldManSons,2,Agent_3,10,9.00,17.62,
55,Odyssey,2,Agent_4,4,15.00,28.62,
55,Soup,3,Agent_1,5,14.38,45.00,
55,Spoons,3,Agent_2,7,12.38,39.00,
55,OldManSons,3,Agent_3,10,9.38,27.00,
55,Odyssey,3,Agent_4,3,16.38,45.00,
55,Soup,4,Agent_1,6,13.75,58.75,
55,Spoons,4,Agent_2,8,11.75,50.75,
55,OldManSons,4,Agent_3,10,9.75,36.75,
55,Odyssey,4,Agent_4,2,17.75,62.75,
55,Soup,5,Agent_1,7,13.12,71.88,
55,Spoons,5,Agent_2,9,11.12,61.88,
55,OldManSons,5,Agent_3,10,10.12,46.88,
55,Odyssey,5,Agent_4,1,19.12,81.88,
55,All,final,All,,,,0.62
56,Spoons,1,Agent_1,5,12.50,12.50,
56,Turnip,1,Agent_2,5,12.50,12.50,
56,Peacemaker,1,Agent_3,5,12.50,12.50,
56,OldManSons,1,Agent_4,5,12.50,12.50,
56,Spoons,2,Agent_1,6,11.88,24.38,
56,Turnip,2,Agent_2,5,12.88,25.38,
56,Peacemaker,2,Agent_3,5,12.88,25.38,
56,OldManSons,2,Agent_4,5,12.88,25.38,
56,Spoons,3,Agent_1,7,11.25,35.62,
56,Turnip,3,Agent_2,5,13.25,38.62,
56,Peacemaker,3,Agent_3,5,13.25,38.62,
56,OldManSons,3,Agent_4,5,13.25,38.62,
56,Spoons,4,Agent_1,8,10.62,46.25,
56,Turnip,4,Agent_2,5,13.62,52.25,
56,Peacemaker,4,Agent_3,5,13.62,52.25,
56,OldManSons,4,Agent_4,5,13.62,52.25,
56,Spoons,5,Agent_1,9,10.00,56.25,
56,Turnip,5,Agent_2,5,14.00,66.25,
56,Peacemaker,5,Agent_3,5,14.00,66.25,
56,OldManSons,5,Agent_4,5,14.00,66.25,
56,All,final,All,,,,0.55
57,Peacemaker,1,Agent_1,5,12.50,12.50,
57,Spoons,1,Agent_2,5,12.50,12.50,
57,maxreward,1,Agent_3,5,12.50,12.50,
57,Odyssey,1,Agent_4,5,12.50,12.50,
57,Peacemaker,2,Agent_1,5,12.50,25.00,
57,Spoons,2,Agent_2,5,12.50,25.00,
57,maxreward,2,Agent_3,6,11.50,24.00,
57,Odyssey,2,Agent_4,4,13.50,26.00,
57,Peacemaker,3,Agent_1,5,12.12,37.12,
57,Spoons,3,Agent_2,5,12.12,37.12,
57,maxreward,3,Agent_3,7,10.12,34.12,
57,Odyssey,3,Agent_4,2,15.12,41.12,
57,Peacemaker,4,Agent_1,5,12.12,49.25,
57,Spoons,4,Agent_2,5,12.12,49.25,
57,maxreward,4,Agent_3,8,9.12,43.25,
57,Odyssey,4,Agent_4,1,16.12,57.25,
57,Peacemaker,5,Agent_1,5,12.12,61.38,
57,Spoons,5,Agent_2,5,12.12,61.38,
57,maxreward,5,Agent_3,9,8.12,51.38,
57,Odyssey,5,Agent_4,0,17.12,74.38,
57,All,final,All,,,,0.48
58,Teamwork,1,Agent_1,5,12.50,12.50,
58,nsCarrot,1,Agent_2,5,12.50,12.50,
58,Turnip,1,Agent_3,5,12.50,12.50,
58,OldManSons,1,Agent_4,5,12.50,12.50,
58,Teamwork,2,Agent_1,5,12.88,25.38,
58,nsCarrot,2,Agent_2,6,11.88,24.38,
58,Turnip,2,Agent_3,5,12.88,25.38,
58,OldManSons,2,Agent_4,5,12.88,25.38,
58,Teamwork,3,Agent_1,5,13.62,39.00,
58,nsCarrot,3,Agent_2,7,11.62,36.00,
58,Turnip,3,Agent_3,6,12.62,38.00,
58,OldManSons,3,Agent_4,5,13.62,39.00,
58,Teamwork,4,Agent_1,5,14.00,53.00,
58,nsCarrot,4,Agent_2,8,11.00,47.00,
58,Turnip,4,Agent_3,6,13.00,51.00,
58,OldManSons,4,Agent_4,5,14.00,53.00,
58,Teamwork,5,Agent_1,5,14.75,67.75,
58,nsCarrot,5,Agent_2,9,10.75,57.75,
58,Turnip,5,Agent_3,7,12.75,63.75,
58,OldManSons,5,Agent_4,5,14.75,67.75,
58,All,final,All,,,,0.57
59,Musketeers,1,Agent_1,5,12.50,12.50,
59,nsCarrot,1,Agent_2,5,12.50,12.50,
59,noinstruct,1,Agent_3,5,12.50,12.50,
59,nsPlumber,1,Agent_4,5,12.50,12.50,
59,Musketeers,2,Agent_1,6,11.88,24.38,
59,nsCarrot,2,Agent_2,4,13.88,26.38,
59,noinstruct,2,Agent_3,5,12.88,25.38,
59,nsPlumber,2,Agent_4,6,11.88,24.38,
59,Musketeers,3,Agent_1,4,12.00,36.38,
59,nsCarrot,3,Agent_2,3,13.00,39.38,
59,noinstruct,3,Agent_3,5,11.00,36.38,
59,nsPlumber,3,Agent_4,4,12.00,36.38,
59,Musketeers,4,Agent_1,3,12.62,49.00,
59,nsCarrot,4,Agent_2,2,13.62,53.00,
59,noinstruct,4,Agent_3,5,10.62,47.00,
59,nsPlumber,4,Agent_4,5,10.62,47.00,
59,Musketeers,5,Agent_1,2,13.25,62.25,
59,nsCarrot,5,Agent_2,1,14.25,67.25,
59,noinstruct,5,Agent_3,5,10.25,57.25,
59,nsPlumber,5,Agent_4,6,9.25,56.25,
59,All,final,All,,,,0.43
60,noinstruct,1,Agent_1,5,12.50,12.50,
60,Peacemaker,1,Agent_2,5,12.50,12.50,
60,nsCarrot,1,Agent_3,5,12.50,12.50,
60,OldManSons,1,Agent_4,5,12.50,12.50,
60,noinstruct,2,Agent_1,7,12.00,24.50,
60,Peacemaker,2,Agent_2,6,13.00,25.50,
60,nsCarrot,2,Agent_3,6,13.00,25.50,
60,OldManSons,2,Agent_4,5,14.00,26.50,
60,noinstruct,3,Agent_1,6,13.38,37.88,
60,Peacemaker,3,Agent_2,7,12.38,37.88,
60,nsCarrot,3,Agent_3,7,12.38,37.88,
60,OldManSons,3,Agent_4,5,14.38,40.88,
60,noinstruct,4,Agent_1,5,14.75,52.62,
60,Peacemaker,4,Agent_2,8,11.75,49.62,
60,nsCarrot,4,Agent_3,8,11.75,49.62,
60,OldManSons,4,Agent_4,5,14.75,55.62,
60,noinstruct,5,Agent_1,4,16.12,68.75,
60,Peacemaker,5,Agent_2,9,11.12,60.75,
60,nsCarrot,5,Agent_3,9,11.12,60.75,
60,OldManSons,5,Agent_4,5,15.12,70.75,
60,All,final,All,,,,0.61
61,nsPlumber,1,Agent_1,5,12.50,12.50,
61,Soup,1,Agent_2,5,12.50,12.50,
61,Spoons,1,Agent_3,5,12.50,12.50,
61,noinstruct,1,Agent_4,5,12.50,12.50,
61,nsPlumber,2,Agent_1,6,12.25,24.75,
61,Soup,2,Agent_2,6,12.25,24.75,
61,Spoons,2,Agent_3,5,13.25,25.75,
61,noinstruct,2,Agent_4,5,13.25,25.75,
61,nsPlumber,3,Agent_1,7,12.00,36.75,
61,Soup,3,Agent_2,7,12.00,36.75,
61,Spoons,3,Agent_3,5,14.00,39.75,
61,noinstruct,3,Agent_4,5,14.00,39.75,
61,nsPlumber,4,Agent_1,8,11.75,48.50,
61,Soup,4,Agent_2,8,11.75,48.50,
61,Spoons,4,Agent_3,5,14.75,54.50,
61,noinstruct,4,Agent_4,5,14.75,54.50,
61,nsPlumber,5,Agent_1,9,11.50,60.00,
61,Soup,5,Agent_2,9,11.50,60.00,
61,Spoons,5,Agent_3,5,15.50,70.00,
61,noinstruct,5,Agent_4,5,15.50,70.00,
61,All,final,All,,,,0.60
62,nsPlumber,1,Agent_1,5,12.50,12.50,
62,Peacemaker,1,Agent_2,5,12.50,12.50,
62,Teamwork,1,Agent_3,5,12.50,12.50,
62,noinstruct,1,Agent_4,5,12.50,12.50,
62,nsPlumber,2,Agent_1,6,11.50,24.00,
62,Peacemaker,2,Agent_2,5,12.50,25.00,
62,Teamwork,2,Agent_3,5,12.50,25.00,
62,noinstruct,2,Agent_4,4,13.50,26.00,
62,nsPlumber,3,Agent_1,4,13.12,37.12,
62,Peacemaker,3,Agent_2,5,12.12,37.12,
62,Teamwork,3,Agent_3,5,12.12,37.12,
62,noinstruct,3,Agent_4,5,12.12,38.12,
62,nsPlumber,4,Agent_1,3,13.00,50.12,
62,Peacemaker,4,Agent_2,5,11.00,48.12,
62,Teamwork,4,Agent_3,5,11.00,48.12,
62,noinstruct,4,Agent_4,3,13.00,51.12,
62,nsPlumber,5,Agent_1,2,14.00,64.12,
62,Peacemaker,5,Agent_2,5,11.00,59.12,
62,Teamwork,5,Agent_3,5,11.00,59.12,
62,noinstruct,5,Agent_4,4,12.00,63.12,
62,All,final,All,,,,0.46
63,Soup,1,Agent_1,5,12.50,12.50,
63,Musketeers,1,Agent_2,5,12.50,12.50,
63,Turnip,1,Agent_3,5,12.50,12.50,
63,maxreward,1,Agent_4,5,12.50,12.50,
63,Soup,2,Agent_1,6,12.25,24.75,
63,Musketeers,2,Agent_2,6,12.25,24.75,
63,Turnip,2,Agent_3,5,13.25,25.75,
63,maxreward,2,Agent_4,5,13.25,25.75,
63,Soup,3,Agent_1,7,12.00,36.75,
63,Musketeers,3,Agent_2,7,12.00,36.75,
63,Turnip,3,Agent_3,5,14.00,39.75,
63,maxreward,3,Agent_4,5,14.00,39.75,
63,Soup,4,Agent_1,8,11.75,48.50,
63,Musketeers,4,Agent_2,8,11.75,48.50,
63,Turnip,4,Agent_3,5,14.75,54.50,
63,maxreward,4,Agent_4,5,14.75,54.50,
63,Soup,5,Agent_1,9,11.50,60.00,
63,Musketeers,5,Agent_2,9,11.50,60.00,
63,Turnip,5,Agent_3,5,15.50,70.00,
63,maxreward,5,Agent_4,5,15.50,70.00,
63,All,final,All,,,,0.60
64,Teamwork,1,Agent_1,5,12.50,12.50,
64,nsPlumber,1,Agent_2,5,12.50,12.50,
64,Turnip,1,Agent_3,5,12.50,12.50,
64,noinstruct,1,Agent_4,5,12.50,12.50,
64,Teamwork,2,Agent_1,5,13.25,25.75,
64,nsPlumber,2,Agent_2,6,12.25,24.75,
64,Turnip,2,Agent_3,5,13.25,25.75,
64,noinstruct,2,Agent_4,6,12.25,24.75,
64,Teamwork,3,Agent_1,5,12.50,38.25,
64,nsPlumber,3,Agent_2,7,10.50,35.25,
64,Turnip,3,Agent_3,5,12.50,38.25,
64,noinstruct,3,Agent_4,3,14.50,39.25,
64,Teamwork,4,Agent_1,5,12.50,50.75,
64,nsPlumber,4,Agent_2,5,12.50,47.75,
64,Turnip,4,Agent_3,5,12.50,50.75,
64,noinstruct,4,Agent_4,5,12.50,51.75,
64,Teamwork,5,Agent_1,5,11.00,61.75,
64,nsPlumber,5,Agent_2,4,12.00,59.75,
64,Turnip,5,Agent_3,5,11.00,61.75,
64,noinstruct,5,Agent_4,2,14.00,65.75,
64,All,final,All,,,,0.49
65,Musketeers,1,Agent_1,5,12.50,12.50,
65,Turnip,1,Agent_2,5,12.50,12.50,
65,Spoons,1,Agent_3,5,12.50,12.50,
65,Peacemaker,1,Agent_4,5,12.50,12.50,
65,Musketeers,2,Agent_1,6,11.88,24.38,
65,Turnip,2,Agent_2,5,12.88,25.38,
65,Spoons,2,Agent_3,5,12.88,25.38,
65,Peacemaker,2,Agent_4,5,12.88,25.38,
65,Musketeers,3,Agent_1,3,13.75,38.12,
65,Turnip,3,Agent_2,5,11.75,37.12,
65,Spoons,3,Agent_3,5,11.75,37.12,
65,Peacemaker,3,Agent_4,5,11.75,37.12,
65,Musketeers,4,Agent_1,5,12.50,50.62,
65,Turnip,4,Agent_2,5,12.50,49.62,
65,Spoons,4,Agent_3,5,12.50,49.62,
65,Peacemaker,4,Agent_4,5,12.50,49.62,
65,Musketeers,5,Agent_1,4,13.12,63.75,
65,Turnip,5,Agent_2,5,12.12,61.75,
65,Spoons,5,Agent_3,5,12.12,61.75,
65,Peacemaker,5,Agent_4,5,12.12,61.75,
65,All,final,All,,,,0.49
66,noinstruct,1,Agent_1,5,12.50,12.50,
66,Teamwork,1,Agent_2,5,12.50,12.50,
66,maxreward,1,Agent_3,5,12.50,12.50,
66,Soup,1,Agent_4,5,12.50,12.50,
66,noinstruct,2,Agent_1,3,13.75,26.25,
66,Teamwork,2,Agent_2,5,11.75,24.25,
66,maxreward,2,Agent_3,5,11.75,24.25,
66,Soup,2,Agent_4,5,11.75,24.25,
66,noinstruct,3,Agent_1,6,11.88,38.12,
66,Teamwork,3,Agent_2,5,12.88,37.12,
66,maxreward,3,Agent_3,5,12.88,37.12,
66,Soup,3,Agent_4,5,12.88,37.12,
66,noinstruct,4,Agent_1,4,13.50,51.62,
66,Teamwork,4,Agent_2,5,12.50,49.62,
66,maxreward,4,Agent_3,6,11.50,48.62,
66,Soup,4,Agent_4,5,12.50,49.62,
66,noinstruct,5,Agent_1,5,12.12,63.75,
66,Teamwork,5,Agent_2,5,12.12,61.75,
66,maxreward,5,Agent_3,4,13.12,61.75,
66,Soup,5,Agent_4,5,12.12,61.75,
66,All,final,All,,,,0.49
67,nsPlumber,1,Agent_1,5,12.50,12.50,
67,Peacemaker,1,Agent_2,5,12.50,12.50,
67,Soup,1,Agent_3,5,12.50,12.50,
67,Musketeers,1,Agent_4,5,12.50,12.50,
67,nsPlumber,2,Agent_1,6,11.88,24.38,
67,Peacemaker,2,Agent_2,6,11.88,24.38,
67,Soup,2,Agent_3,4,13.88,26.38,
67,Musketeers,2,Agent_4,5,12.88,25.38,
67,nsPlumber,3,Agent_1,4,13.50,37.88,
67,Peacemaker,3,Agent_2,7,10.50,34.88,
67,Soup,3,Agent_3,3,14.50,40.88,
67,Musketeers,3,Agent_4,6,11.50,36.88,
67,nsPlumber,4,Agent_1,3,14.12,52.00,
67,Peacemaker,4,Agent_2,8,9.12,44.00,
67,Soup,4,Agent_3,2,15.12,56.00,
67,Musketeers,4,Agent_4,6,11.12,48.00,
67,nsPlumber,5,Agent_1,2,15.12,67.12,
67,Peacemaker,5,Agent_2,9,8.12,52.12,
67,Soup,5,Agent_3,1,16.12,72.12,
67,Musketeers,5,Agent_4,7,10.12,58.12,
67,All,final,All,,,,0.49
68,Peacemaker,1,Agent_1,5,12.50,12.50,
68,Turnip,1,Agent_2,5,12.50,12.50,
68,nsCarrot,1,Agent_3,5,12.50,12.50,
68,Spoons,1,Agent_4,5,12.50,12.50,
68,Peacemaker,2,Agent_1,5,12.88,25.38,
68,Turnip,2,Agent_2,5,12.88,25.38,
68,nsCarrot,2,Agent_3,6,11.88,24.38,
68,Spoons,2,Agent_4,5,12.88,25.38,
68,Peacemaker,3,Agent_1,5,13.25,38.62,
68,Turnip,3,Agent_2,5,13.25,38.62,
68,nsCarrot,3,Agent_3,7,11.25,35.62,
68,Spoons,3,Agent_4,5,13.25,38.62,
68,Peacemaker,4,Agent_1,5,13.62,52.25,
68,Turnip,4,Agent_2,5,13.62,52.25,
68,nsCarrot,4,Agent_3,8,10.62,46.25,
68,Spoons,4,Agent_4,5,13.62,52.25,
68,Peacemaker,5,Agent_1,5,14.00,66.25,
68,Turnip,5,Agent_2,5,14.00,66.25,
68,nsCarrot,5,Agent_3,9,10.00,56.25,
68,Spoons,5,Agent_4,5,14.00,66.25,
68,All,final,All,,,,0.55
69,Turnip,1,Agent_1,5,12.50,12.50,
69,noinstruct,1,Agent_2,5,12.50,12.50,
69,nsCarrot,1,Agent_3,5,12.50,12.50,
69,Odyssey,1,Agent_4,5,12.50,12.50,
69,Turnip,2,Agent_1,5,12.88,25.38,
69,noinstruct,2,Agent_2,5,12.88,25.38,
69,nsCarrot,2,Agent_3,6,11.88,24.38,
69,Odyssey,2,Agent_4,5,12.88,25.38,
69,Turnip,3,Agent_1,5,13.25,38.62,
69,noinstruct,3,Agent_2,5,13.25,38.62,
69,nsCarrot,3,Agent_3,7,11.25,35.62,
69,Odyssey,3,Agent_4,5,13.25,38.62,
69,Turnip,4,Agent_1,5,13.62,52.25,
69,noinstruct,4,Agent_2,5,13.62,52.25,
69,nsCarrot,4,Agent_3,8,10.62,46.25,
69,Odyssey,4,Agent_4,5,13.62,52.25,
69,Turnip,5,Agent_1,5,14.00,66.25,
69,noinstruct,5,Agent_2,5,14.00,66.25,
69,nsCarrot,5,Agent_3,9,10.00,56.25,
69,Odyssey,5,Agent_4,5,14.00,66.25,
69,All,final,All,,,,0.55
70,Odyssey,1,Agent_1,5,12.50,12.50,
70,nsPlumber,1,Agent_2,5,12.50,12.50,
70,Musketeers,1,Agent_3,5,12.50,12.50,
70,Soup,1,Agent_4,5,12.50,12.50,
70,Odyssey,2,Agent_1,6,11.88,24.38,
70,nsPlumber,2,Agent_2,4,13.88,26.38,
70,Musketeers,2,Agent_3,5,12.88,25.38,
70,Soup,2,Agent_4,6,11.88,24.38,
70,Odyssey,3,Agent_1,4,15.00,39.38,
70,nsPlumber,3,Agent_2,7,12.00,38.38,
70,Musketeers,3,Agent_3,6,13.00,38.38,
70,Soup,3,Agent_4,7,12.00,36.38,
70,Odyssey,4,Agent_1,3,16.75,56.12,
70,nsPlumber,4,Agent_2,8,11.75,50.12,
70,Musketeers,4,Agent_3,7,12.75,51.12,
70,Soup,4,Agent_4,8,11.75,48.12,
70,Odyssey,5,Agent_1,2,18.50,74.62,
70,nsPlumber,5,Agent_2,9,11.50,61.62,
70,Musketeers,5,Agent_3,8,12.50,63.62,
70,Soup,5,Agent_4,9,11.50,59.62,
70,All,final,All,,,,0.59
71,Musketeers,1,Agent_1,5,12.50,12.50,
71,Teamwork,1,Agent_2,5,12.50,12.50,
71,Peacemaker,1,Agent_3,5,12.50,12.50,
71,Spoons,1,Agent_4,5,12.50,12.50,
71,Musketeers,2,Agent_1,5,12.50,25.00,
71,Teamwork,2,Agent_2,5,12.50,25.00,
71,Peacemaker,2,Agent_3,5,12.50,25.00,
71,Spoons,2,Agent_4,5,12.50,25.00,
71,Musketeers,3,Agent_1,5,12.50,37.50,
71,Teamwork,3,Agent_2,5,12.50,37.50,
71,Peacemaker,3,Agent_3,5,12.50,37.50,
71,Spoons,3,Agent_4,5,12.50,37.50,
71,Musketeers,4,Agent_1,5,12.50,50.00,
71,Teamwork,4,Agent_2,5,12.50,50.00,
71,Peacemaker,4,Agent_3,5,12.50,50.00,
71,Spoons,4,Agent_4,5,12.50,50.00,
71,Musketeers,5,Agent_1,5,12.50,62.50,
71,Teamwork,5,Agent_2,5,12.50,62.50,
71,Peacemaker,5,Agent_3,5,12.50,62.50,
71,Spoons,5,Agent_4,5,12.50,62.50,
71,All,final,All,,,,0.50
72,maxreward,1,Agent_1,5,12.50,12.50,
72,Spoons,1,Agent_2,5,12.50,12.50,
72,nsPlumber,1,Agent_3,5,12.50,12.50,
72,OldManSons,1,Agent_4,5,12.50,12.50,
72,maxreward,2,Agent_1,5,13.25,25.75,
72,Spoons,2,Agent_2,6,12.25,24.75,
72,nsPlumber,2,Agent_3,6,12.25,24.75,
72,OldManSons,2,Agent_4,5,13.25,25.75,
72,maxreward,3,Agent_1,5,12.88,38.62,
72,Spoons,3,Agent_2,7,10.88,35.62,
72,nsPlumber,3,Agent_3,4,13.88,38.62,
72,OldManSons,3,Agent_4,5,12.88,38.62,
72,maxreward,4,Agent_1,5,12.88,51.50,
72,Spoons,4,Agent_2,8,9.88,45.50,
72,nsPlumber,4,Agent_3,3,14.88,53.50,
72,OldManSons,4,Agent_4,5,12.88,51.50,
72,maxreward,5,Agent_1,5,12.88,64.38,
72,Spoons,5,Agent_2,9,8.88,54.38,
72,nsPlumber,5,Agent_3,2,15.88,69.38,
72,OldManSons,5,Agent_4,5,12.88,64.38,
72,All,final,All,,,,0.53
73,maxreward,1,Agent_1,5,12.50,12.50,
73,Peacemaker,1,Agent_2,5,12.50,12.50,
73,Soup,1,Agent_3,5,12.50,12.50,
73,Teamwork,1,Agent_4,5,12.50,12.50,
73,maxreward,2,Agent_1,5,12.50,25.00,
73,Peacemaker,2,Agent_2,5,12.50,25.00,
73,Soup,2,Agent_3,5,12.50,25.00,
73,Teamwork,2,Agent_4,5,12.50,25.00,
73,maxreward,3,Agent_1,5,12.50,37.50,
73,Peacemaker,3,Agent_2,5,12.50,37.50,
73,Soup,3,Agent_3,5,12.50,37.50,
73,Teamwork,3,Agent_4,5,12.50,37.50,
73,maxreward,4,Agent_1,5,12.50,50.00,
73,Peacemaker,4,Agent_2,5,12.50,50.00,
73,Soup,4,Agent_3,5,12.50,50.00,
73,Teamwork,4,Agent_4,5,12.50,50.00,
73,maxreward,5,Agent_1,5,12.50,62.50,
73,Peacemaker,5,Agent_2,5,12.50,62.50,
73,Soup,5,Agent_3,5,12.50,62.50,
73,Teamwork,5,Agent_4,5,12.50,62.50,
73,All,final,All,,,,0.50
74,Spoons,1,Agent_1,5,12.50,12.50,
74,Peacemaker,1,Agent_2,5,12.50,12.50,
74,Soup,1,Agent_3,5,12.50,12.50,
74,maxreward,1,Agent_4,5,12.50,12.50,
74,Spoons,2,Agent_1,5,12.88,25.38,
74,Peacemaker,2,Agent_2,5,12.88,25.38,
74,Soup,2,Agent_3,6,11.88,24.38,
74,maxreward,2,Agent_4,5,12.88,25.38,
74,Spoons,3,Agent_1,5,13.25,38.62,
74,Peacemaker,3,Agent_2,5,13.25,38.62,
74,Soup,3,Agent_3,7,11.25,35.62,
74,maxreward,3,Agent_4,5,13.25,38.62,
74,Spoons,4,Agent_1,5,13.62,52.25,
74,Peacemaker,4,Agent_2,5,13.62,52.25,
74,Soup,4,Agent_3,8,10.62,46.25,
74,maxreward,4,Agent_4,5,13.62,52.25,
74,Spoons,5,Agent_1,5,14.00,66.25,
74,Peacemaker,5,Agent_2,5,14.00,66.25,
74,Soup,5,Agent_3,9,10.00,56.25,
74,maxreward,5,Agent_4,5,14.00,66.25,
74,All,final,All,,,,0.55
75,Spoons,1,Agent_1,5,12.50,12.50,
75,OldManSons,1,Agent_2,5,12.50,12.50,
75,maxreward,1,Agent_3,5,12.50,12.50,
75,nsCarrot,1,Agent_4,5,12.50,12.50,
75,Spoons,2,Agent_1,5,12.88,25.38,
75,OldManSons,2,Agent_2,5,12.88,25.38,
75,maxreward,2,Agent_3,5,12.88,25.38,
75,nsCarrot,2,Agent_4,6,11.88,24.38,
75,Spoons,3,Agent_1,5,13.25,38.62,
75,OldManSons,3,Agent_2,5,13.25,38.62,
75,maxreward,3,Agent_3,5,13.25,38.62,
75,nsCarrot,3,Agent_4,7,11.25,35.62,
75,Spoons,4,Agent_1,5,13.62,52.25,
75,OldManSons,4,Agent_2,5,13.62,52.25,
75,maxreward,4,Agent_3,5,13.62,52.25,
75,nsCarrot,4,Agent_4,8,10.62,46.25,
75,Spoons,5,Agent_1,5,14.00,66.25,
75,OldManSons,5,Agent_2,5,14.00,66.25,
75,maxreward,5,Agent_3,5,14.00,66.25,
75,nsCarrot,5,Agent_4,9,10.00,56.25,
75,All,final,All,,,,0.55
76,nsCarrot,1,Agent_1,5,12.50,12.50,
76,Turnip,1,Agent_2,5,12.50,12.50,
76,maxreward,1,Agent_3,5,12.50,12.50,
76,OldManSons,1,Agent_4,5,12.50,12.50,
76,nsCarrot,2,Agent_1,6,12.25,24.75,
76,Turnip,2,Agent_2,5,13.25,25.75,
76,maxreward,2,Agent_3,6,12.25,24.75,
76,OldManSons,2,Agent_4,5,13.25,25.75,
76,nsCarrot,3,Agent_1,7,11.25,36.00,
76,Turnip,3,Agent_2,5,13.25,39.00,
76,maxreward,3,Agent_3,5,13.25,38.00,
76,OldManSons,3,Agent_4,5,13.25,39.00,
76,nsCarrot,4,Agent_1,8,10.25,46.25,
76,Turnip,4,Agent_2,5,13.25,52.25,
76,maxreward,4,Agent_3,4,14.25,52.25,
76,OldManSons,4,Agent_4,5,13.25,52.25,
76,nsCarrot,5,Agent_1,5,11.75,58.00,
76,Turnip,5,Agent_2,5,11.75,64.00,
76,maxreward,5,Agent_3,3,13.75,66.00,
76,OldManSons,5,Agent_4,5,11.75,64.00,
76,All,final,All,,,,0.52
77,Peacemaker,1,Agent_1,5,12.50,12.50,
77,nsCarrot,1,Agent_2,5,12.50,12.50,
77,maxreward,1,Agent_3,5,12.50,12.50,
77,Soup,1,Agent_4,5,12.50,12.50,
77,Peacemaker,2,Agent_1,5,12.88,25.38,
77,nsCarrot,2,Agent_2,6,11.88,24.38,
77,maxreward,2,Agent_3,5,12.88,25.38,
77,Soup,2,Agent_4,5,12.88,25.38,
77,Peacemaker,3,Agent_1,5,12.50,37.88,
77,nsCarrot,3,Agent_2,4,13.50,37.88,
77,maxreward,3,Agent_3,6,11.50,36.88,
77,Soup,3,Agent_4,5,12.50,37.88,
77,Peacemaker,4,Agent_1,5,12.12,50.00,
77,nsCarrot,4,Agent_2,3,14.12,52.00,
77,maxreward,4,Agent_3,6,11.12,48.00,
77,Soup,4,Agent_4,5,12.12,50.00,
77,Peacemaker,5,Agent_1,5,12.12,62.12,
77,nsCarrot,5,Agent_2,2,15.12,67.12,
77,maxreward,5,Agent_3,7,10.12,58.12,
77,Soup,5,Agent_4,5,12.12,62.12,
77,All,final,All,,,,0.49
78,Musketeers,1,Agent_1,5,12.50,12.50,
78,nsPlumber,1,Agent_2,5,12.50,12.50,
78,Spoons,1,Agent_3,5,12.50,12.50,
78,Teamwork,1,Agent_4,5,12.50,12.50,
78,Musketeers,2,Agent_1,5,12.88,25.38,
78,nsPlumber,2,Agent_2,6,11.88,24.38,
78,Spoons,2,Agent_3,5,12.88,25.38,
78,Teamwork,2,Agent_4,5,12.88,25.38,
78,Musketeers,3,Agent_1,5,12.12,37.50,
78,nsPlumber,3,Agent_2,4,13.12,37.50,
78,Spoons,3,Agent_3,5,12.12,37.50,
78,Teamwork,3,Agent_4,5,12.12,37.50,
78,Musketeers,4,Agent_1,5,11.75,49.25,
78,nsPlumber,4,Agent_2,3,13.75,51.25,
78,Spoons,4,Agent_3,5,11.75,49.25,
78,Teamwork,4,Agent_4,5,11.75,49.25,
78,Musketeers,5,Agent_1,5,11.38,60.62,
78,nsPlumber,5,Agent_2,2,14.38,65.62,
78,Spoons,5,Agent_3,5,11.38,60.62,
78,Teamwork,5,Agent_4,5,11.38,60.62,
78,All,final,All,,,,0.47
79,maxreward,1,Agent_1,5,12.50,12.50,
79,Teamwork,1,Agent_2,5,12.50,12.50,
79,Soup,1,Agent_3,5,12.50,12.50,
79,nsCarrot,1,Agent_4,5,12.50,12.50,
79,maxreward,2,Agent_1,5,12.88,25.38,
79,Teamwork,2,Agent_2,5,12.88,25.38,
79,Soup,2,Agent_3,5,12.88,25.38,
79,nsCarrot,2,Agent_4,6,11.88,24.38,
79,maxreward,3,Agent_1,6,11.50,36.88,
79,Teamwork,3,Agent_2,5,12.50,37.88,
79,Soup,3,Agent_3,5,12.50,37.88,
79,nsCarrot,3,Agent_4,4,13.50,37.88,
79,maxreward,4,Agent_1,4,13.12,50.00,
79,Teamwork,4,Agent_2,5,12.12,50.00,
79,Soup,4,Agent_3,5,12.12,50.00,
79,nsCarrot,4,Agent_4,5,12.12,50.00,
79,maxreward,5,Agent_1,3,13.00,63.00,
79,Teamwork,5,Agent_2,5,11.00,61.00,
79,Soup,5,Agent_3,5,11.00,61.00,
79,nsCarrot,5,Agent_4,3,13.00,63.00,
79,All,final,All,,,,0.48
80,OldManSons,1,Agent_1,10,9.38,9.38,
80,nsPlumber,1,Agent_2,5,14.38,14.38,
80,Odyssey,1,Agent_3,5,14.38,14.38,
80,Teamwork,1,Agent_4,5,14.38,14.38,
80,OldManSons,2,Agent_1,10,9.75,19.12,
80,nsPlumber,2,Agent_2,6,13.75,28.12,
80,Odyssey,2,Agent_3,5,14.75,29.12,
80,Teamwork,2,Agent_4,5,14.75,29.12,
80,OldManSons,3,Agent_1,10,9.00,28.12,
80,nsPlumber,3,Agent_2,4,15.00,43.12,
80,Odyssey,3,Agent_3,5,14.00,43.12,
80,Teamwork,3,Agent_4,5,14.00,43.12,
80,OldManSons,4,Agent_1,10,10.12,38.25,
80,nsPlumber,4,Agent_2,7,13.12,56.25,
80,Odyssey,4,Agent_3,5,15.12,58.25,
80,Teamwork,4,Agent_4,5,15.12,58.25,
80,OldManSons,5,Agent_1,10,8.62,46.88,
80,nsPlumber,5,Agent_2,3,15.62,71.88,
80,Odyssey,5,Agent_3,5,13.62,71.88,
80,Teamwork,5,Agent_4,5,13.62,71.88,
80,All,final,All,,,,0.62
81,Turnip,1,Agent_1,5,12.50,12.50,
81,Odyssey,1,Agent_2,5,12.50,12.50,
81,OldManSons,1,Agent_3,5,12.50,12.50,
81,noinstruct,1,Agent_4,5,12.50,12.50,
81,Turnip,2,Agent_1,5,12.88,25.38,
81,Odyssey,2,Agent_2,6,11.88,24.38,
81,OldManSons,2,Agent_3,5,12.88,25.38,
81,noinstruct,2,Agent_4,5,12.88,25.38,
81,Turnip,3,Agent_1,5,13.25,38.62,
81,Odyssey,3,Agent_2,7,11.25,35.62,
81,OldManSons,3,Agent_3,5,13.25,38.62,
81,noinstruct,3,Agent_4,5,13.25,38.62,
81,Turnip,4,Agent_1,5,13.62,52.25,
81,Odyssey,4,Agent_2,8,10.62,46.25,
81,OldManSons,4,Agent_3,5,13.62,52.25,
81,noinstruct,4,Agent_4,5,13.62,52.25,
81,Turnip,5,Agent_1,5,14.00,66.25,
81,Odyssey,5,Agent_2,9,10.00,56.25,
81,OldManSons,5,Agent_3,5,14.00,66.25,
81,noinstruct,5,Agent_4,5,14.00,66.25,
81,All,final,All,,,,0.55
82,OldManSons,1,Agent_1,5,12.50,12.50,
82,maxreward,1,Agent_2,5,12.50,12.50,
82,Soup,1,Agent_3,5,12.50,12.50,
82,Odyssey,1,Agent_4,5,12.50,12.50,
82,OldManSons,2,Agent_1,5,13.25,25.75,
82,maxreward,2,Agent_2,6,12.25,24.75,
82,Soup,2,Agent_3,5,13.25,25.75,
82,Odyssey,2,Agent_4,6,12.25,24.75,
82,OldManSons,3,Agent_1,5,14.00,39.75,
82,maxreward,3,Agent_2,7,12.00,36.75,
82,Soup,3,Agent_3,5,14.00,39.75,
82,Odyssey,3,Agent_4,7,12.00,36.75,
82,OldManSons,4,Agent_1,5,14.75,54.50,
82,maxreward,4,Agent_2,8,11.75,48.50,
82,Soup,4,Agent_3,5,14.75,54.50,
82,Odyssey,4,Agent_4,8,11.75,48.50,
82,OldManSons,5,Agent_1,5,15.50,70.00,
82,maxreward,5,Agent_2,9,11.50,60.00,
82,Soup,5,Agent_3,5,15.50,70.00,
82,Odyssey,5,Agent_4,9,11.50,60.00,
82,All,final,All,,,,0.60
83,noinstruct,1,Agent_1,5,12.50,12.50,
83,Musketeers,1,Agent_2,5,12.50,12.50,
83,Soup,1,Agent_3,5,12.50,12.50,
83,nsPlumber,1,Agent_4,5,12.50,12.50,
83,noinstruct,2,Agent_1,6,12.25,24.75,
83,Musketeers,2,Agent_2,5,13.25,25.75,
83,Soup,2,Agent_3,5,13.25,25.75,
83,nsPlumber,2,Agent_4,6,12.25,24.75,
83,noinstruct,3,Agent_1,4,12.75,37.50,
83,Musketeers,3,Agent_2,5,11.75,37.50,
83,Soup,3,Agent_3,5,11.75,37.50,
83,nsPlumber,3,Agent_4,4,12.75,37.50,
83,noinstruct,4,Agent_1,5,11.75,49.25,
83,Musketeers,4,Agent_2,5,11.75,49.25,
83,Soup,4,Agent_3,5,11.75,49.25,
83,nsPlumber,4,Agent_4,3,13.75,51.25,
83,noinstruct,5,Agent_1,3,12.62,61.88,
83,Musketeers,5,Agent_2,5,10.62,59.88,
83,Soup,5,Agent_3,5,10.62,59.88,
83,nsPlumber,5,Agent_4,2,13.62,64.88,
83,All,final,All,,,,0.47
84,Spoons,1,Agent_1,5,12.50,12.50,
84,Musketeers,1,Agent_2,5,12.50,12.50,
84,Peacemaker,1,Agent_3,5,12.50,12.50,
84,Soup,1,Agent_4,5,12.50,12.50,
84,Spoons,2,Agent_1,5,12.50,25.00,
84,Musketeers,2,Agent_2,5,12.50,25.00,
84,Peacemaker,2,Agent_3,5,12.50,25.00,
84,Soup,2,Agent_4,5,12.50,25.00,
84,Spoons,3,Agent_1,5,12.50,37.50,
84,Musketeers,3,Agent_2,5,12.50,37.50,
84,Peacemaker,3,Agent_3,5,12.50,37.50,
84,Soup,3,Agent_4,5,12.50,37.50,
84,Spoons,4,Agent_1,5,12.50,50.00,
84,Musketeers,4,Agent_2,5,12.50,50.00,
84,Peacemaker,4,Agent_3,5,12.50,50.00,
84,Soup,4,Agent_4,5,12.50,50.00,
84,Spoons,5,Agent_1,5,12.50,62.50,
84,Musketeers,5,Agent_2,5,12.50,62.50,
84,Peacemaker,5,Agent_3,5,12.50,62.50,
84,Soup,5,Agent_4,5,12.50,62.50,
84,All,final,All,,,,0.50
85,Turnip,1,Agent_1,3,13.75,13.75,
85,nsPlumber,1,Agent_2,5,11.75,11.75,
85,OldManSons,1,Agent_3,5,11.75,11.75,
85,Teamwork,1,Agent_4,5,11.75,11.75,
85,Turnip,2,Agent_1,4,13.50,27.25,
85,nsPlumber,2,Agent_2,6,11.50,23.25,
85,OldManSons,2,Agent_3,5,12.50,24.25,
85,Teamwork,2,Agent_4,5,12.50,24.25,
85,Turnip,3,Agent_1,5,12.12,39.38,
85,nsPlumber,3,Agent_2,4,13.12,36.38,
85,OldManSons,3,Agent_3,5,12.12,36.38,
85,Teamwork,3,Agent_4,5,12.12,36.38,
85,Turnip,4,Agent_1,6,11.12,50.50,
85,nsPlumber,4,Agent_2,3,14.12,50.50,
85,OldManSons,4,Agent_3,5,12.12,48.50,
85,Teamwork,4,Agent_4,5,12.12,48.50,
85,Turnip,5,Agent_1,7,10.12,60.62,
85,nsPlumber,5,Agent_2,2,15.12,65.62,
85,OldManSons,5,Agent_3,5,12.12,60.62,
85,Teamwork,5,Agent_4,5,12.12,60.62,
85,All,final,All,,,,0.47
86,Teamwork,1,Agent_1,7,11.25,11.25,
86,Soup,1,Agent_2,5,13.25,13.25,
86,Musketeers,1,Agent_3,5,13.25,13.25,
86,maxreward,1,Agent_4,5,13.25,13.25,
86,Teamwork,2,Agent_1,6,12.62,23.88,
86,Soup,2,Agent_2,5,13.62,26.88,
86,Musketeers,2,Agent_3,6,12.62,25.88,
86,maxreward,2,Agent_4,6,12.62,25.88,
86,Teamwork,3,Agent_1,5,14.00,37.88,
86,Soup,3,Agent_2,5,14.00,40.88,
86,Musketeers,3,Agent_3,7,12.00,37.88,
86,maxreward,3,Agent_4,7,12.00,37.88,
86,Teamwork,4,Agent_1,4,15.38,53.25,
86,Soup,4,Agent_2,5,14.38,55.25,
86,Musketeers,4,Agent_3,8,11.38,49.25,
86,maxreward,4,Agent_4,8,11.38,49.25,
86,Teamwork,5,Agent_1,3,16.75,70.00,
86,Soup,5,Agent_2,5,14.75,70.00,
86,Musketeers,5,Agent_3,9,10.75,60.00,
86,maxreward,5,Agent_4,9,10.75,60.00,
86,All,final,All,,,,0.60
87,Turnip,1,Agent_1,5,12.50,12.50,
87,nsPlumber,1,Agent_2,5,12.50,12.50,
87,Soup,1,Agent_3,5,12.50,12.50,
87,OldManSons,1,Agent_4,5,12.50,12.50,
87,Turnip,2,Agent_1,5,12.88,25.38,
87,nsPlumber,2,Agent_2,6,11.88,24.38,
87,Soup,2,Agent_3,5,12.88,25.38,
87,OldManSons,2,Agent_4,5,12.88,25.38,
87,Turnip,3,Agent_1,5,12.12,37.50,
87,nsPlumber,3,Agent_2,4,13.12,37.50,
87,Soup,3,Agent_3,5,12.12,37.50,
87,OldManSons,3,Agent_4,5,12.12,37.50,
87,Turnip,4,Agent_1,5,11.75,49.25,
87,nsPlumber,4,Agent_2,3,13.75,51.25,
87,Soup,4,Agent_3,5,11.75,49.25,
87,OldManSons,4,Agent_4,5,11.75,49.25,
87,Turnip,5,Agent_1,5,11.38,60.62,
87,nsPlumber,5,Agent_2,2,14.38,65.62,
87,Soup,5,Agent_3,5,11.38,60.62,
87,OldManSons,5,Agent_4,5,11.38,60.62,
87,All,final,All,,,,0.47
88,noinstruct,1,Agent_1,5,11.38,11.38,
88,Soup,1,Agent_2,5,11.38,11.38,
88,nsCarrot,1,Agent_3,5,11.38,11.38,
88,Turnip,1,Agent_4,2,14.38,14.38,
88,noinstruct,2,Agent_1,5,12.50,23.88,
88,Soup,2,Agent_2,6,11.50,22.88,
88,nsCarrot,2,Agent_3,6,11.50,22.88,
88,Turnip,2,Agent_4,3,14.50,28.88,
88,noinstruct,3,Agent_1,5,12.50,36.38,
88,Soup,3,Agent_2,7,10.50,33.38,
88,nsCarrot,3,Agent_3,4,13.50,36.38,
88,Turnip,3,Agent_4,4,13.50,42.38,
88,noinstruct,4,Agent_1,5,12.50,48.88,
88,Soup,4,Agent_2,8,9.50,42.88,
88,nsCarrot,4,Agent_3,2,15.50,51.88,
88,Turnip,4,Agent_4,5,12.50,54.88,
88,noinstruct,5,Agent_1,5,12.88,61.75,
88,Soup,5,Agent_2,9,8.88,51.75,
88,nsCarrot,5,Agent_3,1,16.88,68.75,
88,Turnip,5,Agent_4,6,11.88,66.75,
88,All,final,All,,,,0.49
89,Odyssey,1,Agent_1,5,14.38,14.38,
89,Spoons,1,Agent_2,10,9.38,9.38,
89,nsPlumber,1,Agent_3,5,14.38,14.38,
89,nsCarrot,1,Agent_4,5,14.38,14.38,
89,Odyssey,2,Agent_1,6,14.50,28.88,
89,Spoons,2,Agent_2,10,10.50,19.88,
89,nsPlumber,2,Agent_3,6,14.50,28.88,
89,nsCarrot,2,Agent_4,6,14.50,28.88,
89,Odyssey,3,Agent_1,7,13.50,42.38,
89,Spoons,3,Agent_2,10,10.50,30.38,
89,nsPlumber,3,Agent_3,4,16.50,45.38,
89,nsCarrot,3,Agent_4,7,13.50,42.38,
89,Odyssey,4,Agent_1,8,12.88,55.25,
89,Spoons,4,Agent_2,10,10.88,41.25,
89,nsPlumber,4,Agent_3,3,17.88,63.25,
89,nsCarrot,4,Agent_4,8,12.88,55.25,
89,Odyssey,5,Agent_1,9,12.62,67.88,
89,Spoons,5,Agent_2,10,11.62,52.88,
89,nsPlumber,5,Agent_3,3,18.62,81.88,
89,nsCarrot,5,Agent_4,9,12.62,67.88,
89,All,final,All,,,,0.70
90,Spoons,1,Agent_1,5,12.50,12.50,
90,OldManSons,1,Agent_2,5,12.50,12.50,
90,nsPlumber,1,Agent_3,5,12.50,12.50,
90,noinstruct,1,Agent_4,5,12.50,12.50,
90,Spoons,2,Agent_1,5,12.88,25.38,
90,OldManSons,2,Agent_2,5,12.88,25.38,
90,nsPlumber,2,Agent_3,6,11.88,24.38,
90,noinstruct,2,Agent_4,5,12.88,25.38,
90,Spoons,3,Agent_1,5,12.12,37.50,
90,OldManSons,3,Agent_2,5,12.12,37.50,
90,nsPlumber,3,Agent_3,4,13.12,37.50,
90,noinstruct,3,Agent_4,5,12.12,37.50,
90,Spoons,4,Agent_1,5,13.25,50.75,
90,OldManSons,4,Agent_2,5,13.25,50.75,
90,nsPlumber,4,Agent_3,7,11.25,48.75,
90,noinstruct,4,Agent_4,5,13.25,50.75,
90,Spoons,5,Agent_1,5,11.75,62.50,
90,OldManSons,5,Agent_2,5,11.75,62.50,
90,nsPlumber,5,Agent_3,3,13.75,62.50,
90,noinstruct,5,Agent_4,5,11.75,62.50,
90,All,final,All,,,,0.50
91,Soup,1,Agent_1,5,12.50,12.50,
91,OldManSons,1,Agent_2,5,12.50,12.50,
91,Turnip,1,Agent_3,5,12.50,12.50,
91,Spoons,1,Agent_4,5,12.50,12.50,
91,Soup,2,Agent_1,6,11.88,24.38,
91,OldManSons,2,Agent_2,5,12.88,25.38,
91,Turnip,2,Agent_3,5,12.88,25.38,
91,Spoons,2,Agent_4,5,12.88,25.38,
91,Soup,3,Agent_1,7,11.25,35.62,
91,OldManSons,3,Agent_2,5,13.25,38.62,
91,Turnip,3,Agent_3,5,13.25,38.62,
91,Spoons,3,Agent_4,5,13.25,38.62,
91,Soup,4,Agent_1,8,10.62,46.25,
91,OldManSons,4,Agent_2,5,13.62,52.25,
91,Turnip,4,Agent_3,5,13.62,52.25,
91,Spoons,4,Agent_4,5,13.62,52.25,
91,Soup,5,Agent_1,9,10.00,56.25,
91,OldManSons,5,Agent_2,5,14.00,66.25,
91,Turnip,5,Agent_3,5,14.00,66.25,
91,Spoons,5,Agent_4,5,14.00,66.25,
91,All,final,All,,,,0.55
92,Soup,1,Agent_1,5,12.50,12.50,
92,OldManSons,1,Agent_2,5,12.50,12.50,
92,Odyssey,1,Agent_3,5,12.50,12.50,
92,Musketeers,1,Agent_4,5,12.50,12.50,
92,Soup,2,Agent_1,6,12.62,25.12,
92,OldManSons,2,Agent_2,6,12.62,25.12,
92,Odyssey,2,Agent_3,6,12.62,25.12,
92,Musketeers,2,Agent_4,5,13.62,26.12,
92,Soup,3,Agent_1,7,13.12,38.25,
92,OldManSons,3,Agent_2,7,13.12,38.25,
92,Odyssey,3,Agent_3,7,13.12,38.25,
92,Musketeers,3,Agent_4,6,14.12,40.25,
92,Soup,4,Agent_1,8,13.25,51.50,
92,OldManSons,4,Agent_2,8,13.25,51.50,
92,Odyssey,4,Agent_3,8,13.25,51.50,
92,Musketeers,4,Agent_4,6,15.25,55.50,
92,Soup,5,Agent_1,9,13.75,65.25,
92,OldManSons,5,Agent_2,9,13.75,65.25,
92,Odyssey,5,Agent_3,9,13.75,65.25,
92,Musketeers,5,Agent_4,7,15.75,71.25,
92,All,final,All,,,,0.67
93,Peacemaker,1,Agent_1,5,12.50,12.50,
93,Soup,1,Agent_2,5,12.50,12.50,
93,Teamwork,1,Agent_3,5,12.50,12.50,
93,noinstruct,1,Agent_4,5,12.50,12.50,
93,Peacemaker,2,Agent_1,6,12.62,25.12,
93,Soup,2,Agent_2,5,13.62,26.12,
93,Teamwork,2,Agent_3,6,12.62,25.12,
93,noinstruct,2,Agent_4,6,12.62,25.12,
93,Peacemaker,3,Agent_1,7,11.62,36.75,
93,Soup,3,Agent_2,5,13.62,39.75,
93,Teamwork,3,Agent_3,7,11.62,36.75,
93,noinstruct,3,Agent_4,4,14.62,39.75,
93,Peacemaker,4,Agent_1,8,11.00,47.75,
93,Soup,4,Agent_2,5,14.00,53.75,
93,Teamwork,4,Agent_3,8,11.00,47.75,
93,noinstruct,4,Agent_4,3,16.00,55.75,
93,Peacemaker,5,Agent_1,9,10.38,58.12,
93,Soup,5,Agent_2,5,14.38,68.12,
93,Teamwork,5,Agent_3,9,10.38,58.12,
93,noinstruct,5,Agent_4,2,17.38,73.12,
93,All,final,All,,,,0.57
94,Turnip,1,Agent_1,5,12.50,12.50,
94,nsPlumber,1,Agent_2,5,12.50,12.50,
94,Spoons,1,Agent_3,5,12.50,12.50,
94,noinstruct,1,Agent_4,5,12.50,12.50,
94,Turnip,2,Agent_1,6,13.00,25.50,
94,nsPlumber,2,Agent_2,6,13.00,25.50,
94,Spoons,2,Agent_3,6,13.00,25.50,
94,noinstruct,2,Agent_4,6,13.00,25.50,
94,Turnip,3,Agent_1,7,12.38,37.88,
94,nsPlumber,3,Agent_2,4,15.38,40.88,
94,Spoons,3,Agent_3,7,12.38,37.88,
94,noinstruct,3,Agent_4,7,12.38,37.88,
94,Turnip,4,Agent_1,8,12.12,50.00,
94,nsPlumber,4,Agent_2,3,17.12,58.00,
94,Spoons,4,Agent_3,8,12.12,50.00,
94,noinstruct,4,Agent_4,8,12.12,50.00,
94,Turnip,5,Agent_1,9,11.88,61.88,
94,nsPlumber,5,Agent_2,2,18.88,76.88,
94,Spoons,5,Agent_3,9,11.88,61.88,
94,noinstruct,5,Agent_4,9,11.88,61.88,
94,All,final,All,,,,0.62
95,maxreward,1,Agent_1,5,12.50,12.50,
95,nsCarrot,1,Agent_2,5,12.50,12.50,
95,nsPlumber,1,Agent_3,5,12.50,12.50,
95,Odyssey,1,Agent_4,5,12.50,12.50,
95,maxreward,2,Agent_1,6,13.00,25.50,
95,nsCarrot,2,Agent_2,6,13.00,25.50,
95,nsPlumber,2,Agent_3,6,13.00,25.50,
95,Odyssey,2,Agent_4,6,13.00,25.50,
95,maxreward,3,Agent_1,7,13.50,39.00,
95,nsCarrot,3,Agent_2,7,13.50,39.00,
95,nsPlumber,3,Agent_3,7,13.50,39.00,
95,Odyssey,3,Agent_4,7,13.50,39.00,
95,maxreward,4,Agent_1,8,14.00,53.00,
95,nsCarrot,4,Agent_2,8,14.00,53.00,
95,nsPlumber,4,Agent_3,8,14.00,53.00,
95,Odyssey,4,Agent_4,8,14.00,53.00,
95,maxreward,5,Agent_1,9,14.50,67.50,
95,nsCarrot,5,Agent_2,9,14.50,67.50,
95,nsPlumber,5,Agent_3,9,14.50,67.50,
95,Odyssey,5,Agent_4,9,14.50,67.50,
95,All,final,All,,,,0.70
96,OldManSons,1,Agent_1,5,12.50,12.50,
96,Spoons,1,Agent_2,5,12.50,12.50,
96,maxreward,1,Agent_3,5,12.50,12.50,
96,nsPlumber,1,Agent_4,5,12.50,12.50,
96,OldManSons,2,Agent_1,5,12.88,25.38,
96,Spoons,2,Agent_2,5,12.88,25.38,
96,maxreward,2,Agent_3,5,12.88,25.38,
96,nsPlumber,2,Agent_4,6,11.88,24.38,
96,OldManSons,3,Agent_1,5,13.25,38.62,
96,Spoons,3,Agent_2,5,13.25,38.62,
96,maxreward,3,Agent_3,5,13.25,38.62,
96,nsPlumber,3,Agent_4,7,11.25,35.62,
96,OldManSons,4,Agent_1,5,13.62,52.25,
96,Spoons,4,Agent_2,5,13.62,52.25,
96,maxreward,4,Agent_3,5,13.62,52.25,
96,nsPlumber,4,Agent_4,8,10.62,46.25,
96,OldManSons,5,Agent_1,5,14.00,66.25,
96,Spoons,5,Agent_2,5,14.00,66.25,
96,maxreward,5,Agent_3,5,14.00,66.25,
96,nsPlumber,5,Agent_4,9,10.00,56.25,
96,All,final,All,,,,0.55
97,Teamwork,1,Agent_1,5,12.50,12.50,
97,nsPlumber,1,Agent_2,5,12.50,12.50,
97,Peacemaker,1,Agent_3,5,12.50,12.50,
97,Odyssey,1,Agent_4,5,12.50,12.50,
97,Teamwork,2,Agent_1,5,12.88,25.38,
97,nsPlumber,2,Agent_2,6,11.88,24.38,
97,Peacemaker,2,Agent_3,5,12.88,25.38,
97,Odyssey,2,Agent_4,5,12.88,25.38,
97,Teamwork,3,Agent_1,5,12.12,37.50,
97,nsPlumber,3,Agent_2,4,13.12,37.50,
97,Peacemaker,3,Agent_3,5,12.12,37.50,
97,Odyssey,3,Agent_4,5,12.12,37.50,
97,Teamwork,4,Agent_1,5,12.50,50.00,
97,nsPlumber,4,Agent_2,5,12.50,50.00,
97,Peacemaker,4,Agent_3,5,12.50,50.00,
97,Odyssey,4,Agent_4,5,12.50,50.00,
97,Teamwork,5,Agent_1,5,11.75,61.75,
97,nsPlumber,5,Agent_2,3,13.75,63.75,
97,Peacemaker,5,Agent_3,5,11.75,61.75,
97,Odyssey,5,Agent_4,5,11.75,61.75,
97,All,final,All,,,,0.49
98,Spoons,1,Agent_1,10,8.62,8.62,
98,noinstruct,1,Agent_2,5,13.62,13.62,
98,Turnip,1,Agent_3,3,15.62,15.62,
98,maxreward,1,Agent_4,5,13.62,13.62,
98,Spoons,2,Agent_1,10,8.62,17.25,
98,noinstruct,2,Agent_2,3,15.62,29.25,
98,Turnip,2,Agent_3,4,14.62,30.25,
98,maxreward,2,Agent_4,6,12.62,26.25,
98,Spoons,3,Agent_1,10,9.75,27.00,
98,noinstruct,3,Agent_2,4,15.75,45.00,
98,Turnip,3,Agent_3,5,14.75,45.00,
98,maxreward,3,Agent_4,7,12.75,39.00,
98,Spoons,4,Agent_1,10,9.75,36.75,
98,noinstruct,4,Agent_2,2,17.75,62.75,
98,Turnip,4,Agent_3,6,13.75,58.75,
98,maxreward,4,Agent_4,8,11.75,50.75,
98,Spoons,5,Agent_1,10,10.12,46.88,
98,noinstruct,5,Agent_2,1,19.12,81.88,
98,Turnip,5,Agent_3,7,13.12,71.88,
98,maxreward,5,Agent_4,9,11.12,61.88,
98,All,final,All,,,,0.62
99,Spoons,1,Agent_1,5,12.50,12.50,
99,Soup,1,Agent_2,5,12.50,12.50,
99,Turnip,1,Agent_3,5,12.50,12.50,
99,Teamwork,1,Agent_4,5,12.50,12.50,
99,Spoons,2,Agent_1,6,11.88,24.38,
99,Soup,2,Agent_2,5,12.88,25.38,
99,Turnip,2,Agent_3,5,12.88,25.38,
99,Teamwork,2,Agent_4,5,12.88,25.38,
99,Spoons,3,Agent_1,7,11.25,35.62,
99,Soup,3,Agent_2,5,13.25,38.62,
99,Turnip,3,Agent_3,5,13.25,38.62,
99,Teamwork,3,Agent_4,5,13.25,38.62,
99,Spoons,4,Agent_1,8,10.62,46.25,
99,Soup,4,Agent_2,5,13.62,52.25,
99,Turnip,4,Agent_3,5,13.62,52.25,
99,Teamwork,4,Agent_4,5,13.62,52.25,
99,Spoons,5,Agent_1,9,10.00,56.25,
99,Soup,5,Agent_2,5,14.00,66.25,
99,Turnip,5,Agent_3,5,14.00,66.25,
99,Teamwork,5,Agent_4,5,14.00,66.25,
99,All,final,All,,,,0.55
